,Gene,alias,SgRNA,Barcode,PAM,control,strand,atg_dist,B_mismatch,dist_TSS,abs_TSS_dist,GC_content,snp_fRS1,snp_hom_fRS1,snp_fRS242,snp_hom_fRS242,snp_fRS246,snp_hom_fRS246,WT_0_T0_T0,WT_T1_NoATC_1,WT_T1_NoATC_2,WT_T1_NoATC_3,WT_T1_ATC_1,WT_T1_ATC_2,WT_T1_ATC_3,WT_T2_NoATC_1,WT_T2_NoATC_2,WT_T2_NoATC_3,WT_T2_ATC_1,WT_T2_ATC_2,WT_T2_ATC_3,WT_T3_NoATC_1,WT_T3_NoATC_2,WT_T3_NoATC_3,WT_T3_ATC_1,WT_T3_ATC_2,WT_T3_ATC_3
0,C1_00220W,PHR2,1,TTGGCTTTCCTCCCCTTAAC,TGG,0,+,112,no,-9,9,50,0,0,0,0,0,0,176,177,168,148,148,178,137,177,184,133,164,139,146,272,313,314,445,243,332
1,C1_00220W,PHR2,2,TCCTTGAATTTCTTGGTAGA,AGG,0,-,45,no,58,58,35,0,0,0,0,0,0,362,374,369,337,316,378,247,320,318,263,258,241,293,477,559,529,774,437,641
2,C1_00220W,PHR2,3,CGATGATTCCTTGAATTTCT,TGG,0,-,38,no,65,65,35,0,0,0,0,0,0,15,20,16,10,13,13,7,19,12,8,11,10,10,36,39,15,44,18,28
3,C1_00220W,PHR2,4,CAACAGTAGCAGAATTGTAC,AGG,0,+,288,no,-185,185,40,0,0,0,0,0,0,160,164,195,147,125,119,111,168,114,101,120,101,128,282,239,208,319,223,255
4,C1_00400W,SVF1,5,TTAATGTCGCTTAGTGATGG,AGG,0,-,177,no,-89,89,40,0,0,0,0,0,0,212,194,170,169,175,208,141,163,154,103,162,152,191,222,274,246,429,236,343
5,C1_00400W,SVF1,6,AGTTTAATGTCGCTTAGTGA,TGG,0,-,174,no,-86,86,35,0,0,0,0,0,0,682,609,648,560,525,664,406,437,381,319,502,463,508,600,687,677,1364,795,1082
6,C1_00400W,SVF1,7,ATTAACAAAGGGTAAGGATC,AGG,0,-,94,no,-6,6,35,0,0,0,0,0,0,84,45,52,50,51,61,41,37,29,30,29,34,32,56,50,72,74,82,60
7,C1_00400W,SVF1,8,AGTGAGTACGACAAACAAAT,AGG,0,-,219,no,-131,131,35,0,0,0,0,0,0,1749,1640,1500,1268,1282,1707,1020,1215,935,804,1261,1068,1190,1463,1447,1569,2888,1940,2442
8,C1_00450C,C1_00450C,9,CAATATACCTTTATCTTGTG,AGG,0,-,54,no,-8,8,30,0,0,0,0,0,0,7,2,4,6,8,9,5,3,2,3,,3,9,1,7,5,6,13,10
9,C1_00450C,C1_00450C,10,ATGGCTAAATGACGAATTCA,CGG,0,+,288,no,-242,242,35,0,0,0,0,0,0,497,465,455,341,379,515,301,388,393,286,385,387,363,714,675,672,882,618,697
10,C1_00450C,C1_00450C,11,TGTCTCTGTCTCTAGCTTTC,AGG,0,-,233,no,-187,187,45,0,0,0,0,0,0,632,619,619,501,501,614,399,570,506,388,501,440,480,857,849,785,1091,783,957
11,C1_00450C,C1_00450C,12,TGAAAAACCTCACAAGATAA,AGG,0,+,64,no,-18,18,30,0,0,0,0,0,0,1006,915,950,785,837,1046,636,803,689,590,722,661,753,1165,1286,1303,1720,1168,1554
12,C1_00510W,C1_00510W,13,CATTGTATTTCGTTCATCCT,CGG,0,+,157,no,-93,93,35,0,0,0,0,0,0,85,62,70,55,86,95,38,49,71,35,58,43,66,93,90,91,192,97,111
13,C1_00510W,C1_00510W,14,ATCTCGTTCCCCAACAAGTT,AGG,0,+,133,no,-69,69,45,0,0,0,0,0,0,749,653,706,585,574,793,500,344,269,242,505,536,537,348,329,332,1352,880,1159
14,C1_00510W,C1_00510W,15,TCTCGTTCCCCAACAAGTTA,GGG,0,+,132,no,-68,68,45,0,0,0,0,0,0,1252,871,1002,759,742,1031,694,361,304,312,745,602,763,348,369,385,1901,1140,1357
15,C1_00510W,C1_00510W,16,TGTTGGGGAACGAGATTCCG,AGG,0,-,137,no,-73,73,55,0,0,0,0,0,0,2996,2905,2877,2506,2351,3130,2078,2935,2702,2235,2272,1967,2364,5577,5543,5798,6136,3947,4970
16,C1_01070C,KRP1,17,CATATGTTTCCAATAGTATC,GGG,0,-,197,no,-90,90,30,0,0,0,0,0,0,4,5,,2,2,2,2,,,,,6,,,,,5,3,5
17,C1_01070C,KRP1,18,GTATGGGTATTCAAAGTTGT,GGG,0,-,63,no,44,44,35,0,0,0,0,0,0,642,604,604,508,475,631,445,552,513,420,468,440,504,919,974,1020,1195,733,977
18,C1_01070C,KRP1,19,TGTATGGGTATTCAAAGTTG,TGG,0,-,62,no,45,45,35,0,0,0,0,0,0,3123,2788,2906,2396,2338,3129,1955,2600,2336,1928,2251,2042,2285,4023,4212,4400,6038,3667,4750
19,C1_01070C,KRP1,20,ATATAAGAACCCGATACTAT,TGG,0,+,209,no,-102,102,30,0,0,0,0,0,0,,,,,,,,,,,,,,1,,,,,
20,C1_01600W,MRP20,21,ATCTTGAAGGGAGGAGTAGA,AGG,0,+,252,no,-223,223,45,0,0,0,0,0,0,1073,1005,868,813,772,1089,656,809,752,566,776,664,709,1339,1362,1367,1996,1099,1542
21,C1_01600W,MRP20,22,TTGAAGGGAGGAGTAGAAGG,TGG,0,+,249,no,-220,220,50,0,0,0,0,0,0,1411,1235,1266,956,1021,1279,891,1009,950,790,971,838,947,1570,1728,1834,2469,1614,2134
22,C1_01600W,MRP20,23,GAGGAGTAGAAGGTGGTGCA,AGG,0,+,242,no,-213,213,55,0,0,0,0,0,0,223,239,210,213,195,266,173,187,159,150,213,159,194,317,349,309,511,344,370
23,C1_01600W,MRP20,24,GTGGTGCAAGGTTGATTGAA,TGG,0,+,230,no,-201,201,45,0,0,0,0,0,0,619,527,496,426,426,618,354,483,413,327,467,374,426,675,646,647,1018,666,941
24,C1_01950C,C1_01950C,25,ATACTTGAGGTAGTGTATGG,AGG,0,+,142,no,-115,115,40,0,0,0,0,0,0,1092,1033,964,871,821,1138,652,776,734,606,775,664,804,1079,1274,1256,2038,1246,1735
25,C1_01950C,C1_01950C,26,CGACGATCGACTTCCGTCTC,AGG,0,+,221,no,-194,194,60,0,0,0,0,0,0,5,2,5,2,2,10,2,3,5,3,,4,4,4,5,3,6,1,
26,C1_01950C,C1_01950C,27,CTCAGGATTGTCGTGCATTC,CGG,0,+,204,no,-177,177,50,0,0,0,0,0,0,450,507,521,436,335,487,337,413,410,327,344,313,346,616,649,729,920,569,753
27,C1_01950C,C1_01950C,28,GATTGTCGTGCATTCCGGCT,AGG,0,+,199,no,-172,172,55,0,0,0,0,0,0,209,181,197,165,156,223,131,160,116,134,180,118,143,286,239,279,414,263,276
28,C1_02420C,GSC1,29,ATATTTAAAAAAAAAGAAGG,GGG,0,-,61,no,312,312,15,0,0,0,0,0,0,29,23,26,14,17,24,13,16,18,19,23,17,16,36,47,25,43,34,33
29,C1_02420C,GSC1,30,TTAGTATATCAGTTGGGTGT,TGG,0,-,32,no,341,341,35,0,0,0,0,0,0,668,551,564,443,491,571,379,515,436,330,469,407,456,766,816,800,1147,771,855
30,C1_02420C,GSC1,31,GATAAGTTAGTATATCAGTT,GGG,0,-,26,no,347,347,25,0,0,0,0,0,0,310,263,279,247,234,289,184,238,176,182,218,190,215,337,328,353,482,337,406
31,C1_02420C,GSC1,32,AGATAAGTTAGTATATCAGT,TGG,0,-,25,no,348,348,25,0,0,0,0,0,0,169,142,153,152,131,160,98,136,101,104,109,104,122,209,204,214,305,191,239
32,C1_02510W,C1_02510W,33,TGAACTTAGAGTCCGTATAC,TGG,0,+,144,no,-83,83,40,0,0,0,0,0,0,755,725,725,584,546,751,459,575,424,403,584,528,570,698,830,808,1572,806,1106
33,C1_02510W,C1_02510W,34,ATTGACGTGTTCATAAAATG,TGG,0,-,163,no,-102,102,30,0,0,0,0,0,0,71,57,72,47,48,75,40,37,33,44,43,50,67,73,75,87,117,82,101
34,C1_02510W,C1_02510W,35,AGTTACGATCTTTGTTGTTG,TGG,0,-,26,no,35,35,35,0,0,0,0,0,0,2432,2159,2336,1887,1830,2426,1547,1963,1869,1613,1756,1532,1859,3292,3466,3624,4716,2662,3588
35,C1_02510W,C1_02510W,36,ATATTGAAGGGGTTGGTTAT,TGG,0,-,280,no,-219,219,35,0,0,0,0,0,0,165,106,113,116,136,153,66,114,110,75,125,79,97,172,220,204,310,127,198
36,C1_02620C,HOM6,37,CTACTGTTGTTGTTGCGTCT,GGG,0,+,168,no,-138,138,45,0,0,1,0,1,1,,,,2,,,,,,,,,1,,,,,,
37,C1_02620C,HOM6,38,TACTGTTGTTGTTGCGTCTG,GGG,0,+,167,no,-137,137,45,0,0,0,0,0,0,1776,1695,1759,1431,1328,1845,1068,1538,1453,1127,1372,1227,1421,2462,2658,2653,3351,2087,2830
38,C1_02620C,HOM6,39,TGCGTCTGGGGCGCCTTTAC,CGG,0,+,155,no,-125,125,65,0,0,0,0,0,0,399,365,398,347,293,402,252,336,310,255,293,264,315,532,568,522,891,448,666
39,C1_02620C,HOM6,40,ACTCCTTCCGATCTTGTTAC,CGG,0,-,133,no,-103,103,45,0,0,0,0,0,0,2581,2274,2343,1903,1828,2692,1589,1909,1921,1381,1562,1374,1701,2977,2902,2938,3503,2169,2870
40,C1_02660C,MGM101,41,TGATAAATTACACAGCTTTA,AGG,0,+,151,no,-96,96,25,0,0,0,0,0,0,2702,2645,2625,2383,2205,2773,1794,2552,2173,1692,2064,1879,2134,3626,3671,3903,4932,3219,4009
41,C1_02660C,MGM101,42,TAAATTACACAGCTTTAAGG,TGG,0,+,148,no,-93,93,30,0,0,0,0,0,0,428,436,433,299,316,469,270,425,349,298,331,235,276,563,585,677,718,486,687
42,C1_02660C,MGM101,43,TAAGGTGGTGTCTAACATCT,TGG,0,+,133,no,-78,78,40,0,0,0,0,0,0,209,183,198,163,194,224,149,203,190,143,178,139,140,235,269,267,376,229,349
43,C1_02660C,MGM101,44,AATAACAAATGAGTTGGCGA,CGG,0,-,49,no,6,6,35,0,0,0,0,0,0,758,629,670,533,475,716,385,586,510,421,487,420,480,792,864,893,1211,746,1099
44,C1_02960C,C1_02960C,45,TGATTGTTATAGAACAATGG,TGG,0,-,202,no,-136,136,30,0,0,0,0,0,0,270,249,291,232,216,284,189,228,194,169,210,175,239,343,321,432,540,317,449
45,C1_02960C,C1_02960C,46,CTTTGATTGTTATAGAACAA,TGG,0,-,199,no,-133,133,25,0,0,0,0,0,0,,,,,,,2,,,,,,1,1,,,,1,
46,C1_02960C,C1_02960C,47,AAAAGAATCATTAACGGGGA,TGG,0,+,56,no,10,10,35,0,0,0,0,0,0,1259,1248,1177,971,899,1266,759,1075,802,710,873,776,945,1391,1323,1545,2254,1505,1737
47,C1_02960C,C1_02960C,48,AAAGAATCATTAACGGGGAT,GGG,0,+,55,no,11,11,35,0,0,0,0,0,0,3411,3299,3355,2741,2637,3558,2309,2990,2590,2279,2608,2303,2535,4562,4771,5032,6702,4236,5318
48,C1_03280W,C1_03280W,49,TCTTGCCTATAAGTTGAAGA,AGG,0,+,177,no,-126,126,35,0,0,0,0,0,0,673,651,659,556,471,703,482,517,528,441,495,425,521,802,881,821,1277,789,1108
49,C1_03280W,C1_03280W,50,CTTGCCTATAAGTTGAAGAA,GGG,0,+,176,no,-125,125,35,0,0,0,0,0,0,46,58,50,29,48,83,34,27,17,17,37,25,28,22,24,24,61,69,80
50,C1_03280W,C1_03280W,51,AAGGGAAACAAAAAGTAGTG,TGG,0,+,158,no,-107,107,35,0,0,0,0,0,0,2595,2521,2579,2145,2001,2671,1692,2081,1945,1605,2055,1708,1927,2876,3015,3269,5006,2905,3889
51,C1_03280W,C1_03280W,52,ATAGGCATACGTACTAACAG,TGG,0,-,252,no,-201,201,40,0,0,0,0,0,0,411,333,374,344,321,424,289,292,272,224,313,249,319,396,493,470,777,492,669
52,C1_03380W,TPS2,53,TAACAGATTCGAAGGTTCGC,CGG,0,-,203,no,-151,151,45,0,0,0,0,0,0,629,682,634,498,496,709,414,597,504,465,483,423,488,923,970,988,1241,864,1070
53,C1_03380W,TPS2,54,TTACATATGGCGTGCCCCCT,AGG,0,+,272,no,-220,220,55,0,0,0,0,0,0,38,20,34,27,24,25,21,37,26,17,24,9,19,40,38,45,67,44,43
54,C1_03380W,TPS2,55,GTACCGACAATTGATATTTA,TGG,0,-,119,no,-67,67,30,0,0,0,0,0,0,477,445,500,394,429,494,352,529,428,353,399,350,412,703,740,876,963,669,836
55,C1_03380W,TPS2,56,AAACGAAAGTCAACTAAAAA,GGG,0,-,77,no,-25,25,25,0,0,0,0,0,0,336,349,313,348,294,386,214,330,285,236,300,221,246,480,491,456,623,441,532
56,C1_03980W,SPC19,57,TAATAAGATGATATTGTGTG,TGG,0,-,91,no,3,3,25,0,0,0,0,0,0,81,65,67,61,43,75,46,93,39,52,52,39,53,110,94,94,114,114,107
57,C1_03980W,SPC19,58,TTGAAAAAGGTCTAAGTAGA,TGG,0,-,63,no,31,31,30,0,0,0,0,0,0,223,148,169,143,171,204,130,194,157,98,127,145,182,267,306,312,393,210,309
58,C1_03980W,SPC19,59,ATATATGTATTAATTGAAAA,AGG,0,-,50,no,44,44,10,0,0,0,0,0,0,72,80,96,80,70,92,46,87,68,68,73,68,73,103,119,142,176,112,138
59,C1_03980W,SPC19,60,TATATCTATGTGTATCTTAA,GGG,0,-,21,no,73,73,20,0,0,0,0,0,0,2305,2227,2114,1813,1774,2307,1470,2068,1634,1445,1695,1557,1701,2916,3127,3230,4319,2678,3520
60,C1_05500W,RSM22,61,TAAGACACAAAAGTGGAAAC,AGG,0,+,94,no,,,35,1,0,1,0,1,1,110,106,98,80,79,81,67,100,61,57,98,65,73,70,86,116,157,112,140
61,C1_05500W,RSM22,62,ACACAAAAGTGGAAACAGGA,AGG,0,+,90,no,,,40,0,0,0,0,0,0,414,348,389,314,294,391,245,205,209,163,245,240,246,105,121,112,643,395,483
62,C1_05500W,RSM22,63,GTCGTTGTTTCTCATTTGGT,TGG,0,+,209,no,,,40,0,0,0,0,0,0,1227,1228,1199,973,980,1245,813,1187,1006,789,918,756,977,1649,1930,1977,2529,1524,2020
63,C1_05500W,RSM22,64,TCTCATTTGGTTGGTTGGTC,TGG,0,+,200,no,,,45,0,0,0,0,0,0,62,67,71,40,44,49,38,55,48,39,40,47,36,73,87,117,110,54,123
64,C1_05560W,RIB4,65,ATAAAACATATCATCATAAC,TGG,0,+,273,no,427,427,20,0,0,0,0,0,0,414,502,404,343,365,466,287,402,343,214,374,293,296,664,621,689,815,402,615
65,C1_05560W,RIB4,66,TTCTTCGTTGTCGTCGTTGT,TGG,0,+,64,no,636,636,45,0,0,0,0,0,0,703,750,661,592,625,775,451,635,544,464,536,465,541,991,1014,977,1249,945,1195
66,C1_05560W,RIB4,67,TTCACATGCTTATATACAGG,CGG,0,-,27,no,673,673,35,3,0,3,0,0,0,425,387,430,360,312,464,243,402,314,287,302,284,337,630,633,607,875,594,638
67,C1_05560W,RIB4,68,GTGTTCACATGCTTATATAC,AGG,0,-,24,no,676,676,35,0,0,0,0,0,0,16,43,26,23,21,20,15,6,3,6,20,19,14,9,4,11,38,31,43
68,C1_05780W,RSC9,69,CCAAGATGCATAGCTCTTGA,TGG,0,+,274,no,-184,184,45,1,0,1,0,1,1,15,6,15,24,16,17,12,15,9,8,13,12,9,22,42,37,54,24,34
69,C1_05780W,RSC9,70,TATGCATCTTGGCTGAGTAT,AGG,0,-,282,no,-192,192,40,0,0,0,0,0,0,4396,4253,4194,3461,3510,4549,2777,3835,3447,2874,3333,2818,3252,5872,6220,6298,8716,5495,6995
70,C1_05780W,RSC9,71,CCATCAAGAGCTATGCATCT,TGG,0,-,271,no,-181,181,45,0,0,0,0,0,0,851,790,824,726,636,849,543,775,675,584,687,570,650,1191,1167,1285,1641,959,1304
71,C1_05780W,RSC9,72,CATATTGCAAAATATTGACA,TGG,0,+,204,no,-114,114,25,0,0,0,0,0,0,114,77,89,92,74,89,59,74,73,79,75,49,75,136,115,133,183,108,118
72,C1_06230C,MDM34,73,CTAACGGGTTATTCGTACTT,TGG,0,+,57,no,238,238,40,0,0,0,0,0,0,362,336,365,343,318,380,250,327,317,224,263,268,322,516,604,531,695,445,634
73,C1_06230C,MDM34,74,TACGAATAACCCGTTAGAAT,TGG,0,-,60,no,235,235,35,0,0,0,0,0,0,174,128,166,146,156,149,97,125,117,98,116,91,89,172,196,233,289,160,171
74,C1_06230C,MDM34,75,AAAAGTGTGCAAAAAGCTAT,AGG,0,-,19,no,276,276,30,0,0,0,0,0,0,360,321,310,327,291,407,196,308,241,219,281,252,271,447,530,491,695,480,565
75,C1_06230C,MDM34,76,TATATTTGAATCTACCACTT,TGG,0,+,229,no,66,66,25,0,0,0,0,0,0,1829,1779,1867,1532,1468,1981,1268,1633,1402,1256,1535,1303,1497,2537,2555,2619,3747,2331,3010
76,C1_06850W,PCL7,77,AGACCATTATCACAGCTATT,CGG,0,+,269,no,337,337,35,0,0,0,0,0,0,2111,1769,1878,1631,1600,2202,1259,1670,1538,1167,1501,1351,1566,2211,2411,2312,3634,2286,2971
77,C1_06850W,PCL7,78,GTATGTTTCTATTATAATGG,GGG,0,-,27,no,579,579,25,0,0,0,0,0,0,338,304,282,251,246,324,204,247,210,196,222,210,233,344,395,388,610,413,484
78,C1_06850W,PCL7,79,TTTGTATGTTTCTATTATAA,TGG,0,-,24,no,582,582,15,0,0,0,0,0,0,20,17,26,17,16,37,10,21,19,13,10,15,9,48,24,41,30,42,34
79,C1_06850W,PCL7,80,ATACCGAATAGCTGTGATAA,TGG,0,-,263,no,343,343,35,0,0,0,0,0,0,1441,1378,1382,1164,1174,1514,915,1289,1122,922,1132,939,1076,2084,2091,2181,3035,1818,2397
80,C1_07240W,YPD1,81,GCAGTGATAACCAATCAAGA,CGG,0,+,85,no,62,62,40,0,0,0,0,0,0,576,545,568,464,461,599,332,480,458,329,440,379,435,709,758,728,1073,683,821
81,C1_07240W,YPD1,82,CAATGTAGTGCCGTCTTGAT,TGG,0,-,72,no,75,75,45,0,0,0,0,0,0,16,11,19,11,7,11,11,10,8,15,10,15,5,11,31,22,23,11,30
82,C1_07240W,YPD1,83,AAAGTTCTTGGAATACTAAG,AGG,0,+,36,no,111,111,30,0,0,0,0,0,0,312,316,310,230,225,355,196,299,232,198,240,218,259,419,441,479,656,363,406
83,C1_07240W,YPD1,84,TGTTAGCGCCAAAGAAAAAG,AGG,0,-,227,no,-80,80,40,3,0,3,0,3,0,1197,1005,928,859,872,1166,730,798,624,597,858,778,793,1001,1144,1221,2111,1259,1578
84,C1_07600W,ATP7,85,ATAGGTGTCACGTGAAACAG,TGG,0,+,278,no,-216,216,45,0,0,0,0,0,0,1178,1092,1065,896,932,1212,774,829,779,585,804,781,913,1092,1144,1140,2261,1423,1709
85,C1_07600W,ATP7,86,ATGGTTGTAAGAATTTGTGT,TGG,0,-,62,no,0,0,30,0,0,0,0,0,0,2759,2718,2766,2248,2084,2896,1716,2652,2256,1850,2119,1854,2144,4667,4833,5061,5522,3424,4423
86,C1_07600W,ATP7,87,GGATATTGCTATTGAAGATG,TGG,0,-,31,no,31,31,35,0,0,0,0,0,0,374,371,326,313,220,351,240,282,271,205,268,212,266,403,410,432,664,469,547
87,C1_07600W,ATP7,88,AAATCTATGTCGTGTAGAAA,TGG,0,+,235,no,-173,173,30,0,0,0,0,0,0,43,43,50,33,39,54,36,35,44,28,45,24,30,67,69,52,83,62,69
88,C1_07910C,MRPL3,89,AAGCTGGAACAAATGTGAGA,AGG,0,+,175,no,-31,31,40,0,0,0,0,0,0,253,125,113,111,125,149,86,44,49,50,52,59,58,36,23,37,98,45,69
89,C1_07910C,MRPL3,90,TTTAGTCTTACCACTGGAAA,GGG,0,+,46,no,98,98,35,0,0,0,0,0,0,62,57,50,53,37,37,43,37,43,30,37,42,40,53,76,98,128,60,70
90,C1_07910C,MRPL3,91,TTAGTCTTACCACTGGAAAG,GGG,0,+,45,no,99,99,40,3,0,3,0,3,0,156,168,157,134,142,158,110,154,136,86,113,102,139,250,201,191,363,192,214
91,C1_07910C,MRPL3,92,TTCCAGTGGTAAGACTAAAA,TGG,0,-,47,no,97,97,35,3,0,3,0,3,0,229,227,170,174,177,255,142,226,162,152,200,157,166,291,325,340,434,296,389
92,C1_08920W,C1_08920W,93,TTCTTCCTTCGATTACCCAT,TGG,0,-,85,no,-48,48,40,3,0,3,0,3,0,17,12,5,12,10,11,6,1,,9,5,9,6,2,3,2,13,1,20
93,C1_08920W,C1_08920W,94,TTATGTGGTTATTGTTGGGG,TGG,0,-,50,no,-13,13,40,0,0,0,0,0,0,279,318,340,244,244,321,197,180,172,146,257,217,228,181,145,151,584,368,510
94,C1_08920W,C1_08920W,95,GTTGTGGACTGTTGATTATG,TGG,0,-,35,no,2,2,40,0,0,0,0,0,0,1594,1479,1462,1309,1235,1589,1048,1342,1191,1052,1143,1053,1162,2074,2092,2254,3071,2026,2527
95,C1_08920W,C1_08920W,96,GTGGGGTAAGGGGGTGGTTG,TGG,0,-,19,no,18,18,65,0,0,0,0,0,0,364,324,327,292,247,351,276,270,302,206,233,208,297,503,487,493,658,406,529
96,C1_09030C,COX5,97,TTGAATACTTGTTGGGGGAG,GGG,0,-,11,no,431,431,45,0,0,0,0,0,0,560,546,558,416,419,597,322,469,416,390,346,346,404,815,896,891,1149,657,843
97,C1_09030C,COX5,98,TAGTTAGTGGGATTTGGTAC,AGG,0,-,154,no,288,288,40,0,0,0,0,0,0,,,,,,,,,,,,,,,,,,,
98,C1_09030C,COX5,99,TAAAATTAGTTAGTGGGATT,TGG,0,-,148,no,294,294,25,0,0,0,0,0,0,650,705,651,552,529,766,438,642,515,453,501,424,516,945,1008,973,1305,827,1100
99,C1_09030C,COX5,100,GATTGGTTAAAATTAGTTAG,TGG,0,-,141,no,301,301,25,0,0,0,0,0,0,361,335,376,319,297,402,265,344,292,247,294,263,282,534,537,530,719,482,613
100,C1_09450C,NUP188,101,AGACGTGGAAACTAGTAAAA,GGG,0,+,16,no,54,54,35,0,0,0,0,0,0,2851,2625,2752,2370,2222,2935,1887,2641,2264,1661,2107,1847,2066,3804,4002,3887,5360,3097,4390
101,C1_09450C,NUP188,102,GTATTTATTCGCAACACGCC,AGG,0,+,263,no,-193,193,45,0,0,0,0,0,0,32,23,34,30,34,43,25,19,19,18,23,30,39,18,49,58,72,31,64
102,C1_09450C,NUP188,103,ACTAGTTTCCACGTCTTAAT,TGG,0,-,20,no,50,50,35,0,0,0,0,0,0,581,521,469,449,444,592,283,474,431,407,376,369,404,707,759,795,911,632,741
103,C1_09450C,NUP188,104,TCTTTGATGGTTTAACTTCC,TGG,0,-,242,no,-172,172,35,0,0,0,0,0,0,260,277,282,216,240,312,211,173,128,114,210,205,226,195,193,165,574,360,464
104,C1_09960W,PET100,105,AGGGGAAACTAAGTTTAGTT,TGG,0,-,68,no,-35,35,35,0,0,0,0,0,0,4052,3761,3745,3286,3054,4159,2482,3097,2621,2146,2838,2574,3083,4084,3892,4099,7565,4674,6290
105,C1_09960W,PET100,106,CCAATTTATTGCCGCTGTTA,AGG,0,+,228,no,-195,195,40,0,0,0,0,0,0,4367,4072,4165,3471,3345,4534,2843,3811,3537,2837,3405,2778,3267,6352,6680,6824,8502,5457,7033
106,C1_09960W,PET100,107,CCTTAACAGCGGCAATAAAT,TGG,0,-,225,no,-192,192,40,0,0,0,0,0,0,80,86,71,50,39,57,34,35,47,36,40,42,33,72,84,96,99,78,92
107,C1_09960W,PET100,108,CACAATAGTTACCTTAACAG,CGG,0,-,214,no,-181,181,35,0,0,0,0,0,0,243,180,224,185,168,237,146,176,174,110,181,128,156,301,284,309,343,241,322
108,C1_10960W,C1_10960W,109,TGTCCGTTAGATTCCTGATG,AGG,0,+,169,no,-137,137,45,0,0,0,0,0,0,617,500,506,430,405,576,391,61,64,51,380,334,355,80,102,112,944,553,572
109,C1_10960W,C1_10960W,110,CAACCTCATCAGGAATCTAA,CGG,0,-,163,no,-131,131,40,0,0,0,0,0,0,33,29,35,37,25,29,19,16,19,26,23,20,32,37,25,55,51,36,39
110,C1_10960W,C1_10960W,111,GGTGGTTGTTTATGGATTGA,AGG,0,-,26,no,6,6,40,0,0,0,0,0,0,1071,946,871,761,820,1042,659,803,704,589,702,692,756,1205,1397,1311,1999,1292,1505
111,C1_10960W,C1_10960W,112,GTTTGAAGGGTGGTTGTTTA,TGG,0,-,18,no,14,14,40,0,0,0,0,0,0,313,274,283,233,197,314,186,289,210,171,236,160,208,467,468,467,488,351,460
112,C1_11240C,CHO1,113,AAGAAGAGCTGAATGTGAGG,AGG,0,-,44,no,12,12,45,0,0,0,0,0,0,,,1,,,,1,,,,,,,,,,,,
113,C1_11240C,CHO1,114,TGGAAGAAGAGCTGAATGTG,AGG,0,-,41,no,15,15,45,0,0,0,0,0,0,,,,,,,,,,,,1,,,,,,,
114,C1_11240C,CHO1,115,TATGTGTGGAGTAAGAAAAG,TGG,0,-,21,no,35,35,35,0,0,0,0,0,0,1211,1177,1154,1053,919,1347,759,1041,1006,771,896,842,855,1849,1878,1809,2407,1366,1832
115,C1_11240C,CHO1,116,CCTTAAGGCAAAATTACAAT,AGG,0,-,243,no,-187,187,30,0,0,0,0,0,0,353,320,274,246,233,340,186,235,232,187,224,206,193,358,421,427,680,355,453
116,C1_11500C,ARO7,117,GAATTGTAATAGCTTTATTG,TGG,0,-,30,no,28,28,25,0,0,0,0,0,0,224,230,240,184,170,251,150,195,184,152,207,145,171,309,341,321,390,305,416
117,C1_11500C,ARO7,118,TACGTTGATTTCGAAATCCC,GGG,0,+,232,no,-174,174,40,0,0,0,0,0,0,148,105,119,95,88,144,100,102,100,63,90,76,89,134,190,179,259,140,176
118,C1_11500C,ARO7,119,ACGTTGATTTCGAAATCCCG,GGG,0,+,231,no,-173,173,45,1,0,1,1,1,0,153,131,174,159,107,152,120,141,161,113,143,96,131,271,321,231,340,222,228
119,C1_11500C,ARO7,120,GTTCAATATATACATTACCC,CGG,0,-,211,no,-153,153,30,1,0,1,1,1,0,1,,1,,,,,,,,,,,,,,,,
120,C1_12260W,VPH2,121,TCGCATTAGACGAGAGATTC,AGG,0,+,108,no,-19,19,45,1,0,1,1,1,0,96,72,89,78,65,74,53,82,77,50,58,60,57,132,140,131,164,89,173
121,C1_12260W,VPH2,122,CGCATTAGACGAGAGATTCA,GGG,0,+,107,no,-18,18,45,0,0,0,0,0,0,2254,2107,2073,1923,1763,2279,1418,1743,1724,1336,1617,1421,1576,2465,2578,2698,4158,2504,3513
122,C1_12260W,VPH2,123,ATGAGGCTAGATTTGATTAA,TGG,0,-,27,no,62,62,30,0,0,0,0,0,0,1422,1267,1233,991,985,1343,834,1128,942,909,1056,915,941,1680,1746,1815,2377,1517,2015
123,C1_12260W,VPH2,124,GTTGCTATAAATAATAATAA,TGG,0,-,269,no,-180,180,15,0,0,0,0,0,0,77,60,75,59,47,83,45,60,49,38,51,58,60,104,110,96,125,81,143
124,C1_12360C,RIB3,125,TATTAAATAACACAAACTAG,GGG,0,-,142,no,73,73,20,0,0,0,0,0,0,1420,1245,1373,1056,988,1309,885,1325,1029,896,966,892,1089,1876,1980,2142,2578,1659,2039
125,C1_12360C,RIB3,126,TGTATTAAATAACACAAACT,AGG,0,-,140,no,75,75,20,0,0,0,0,0,0,1282,1087,1117,926,871,1205,748,1038,886,711,867,763,831,1499,1596,1689,2021,1359,1728
126,C1_12360C,RIB3,127,TATATATAAAGAAAGGGAGT,TGG,0,-,14,no,201,201,25,0,0,0,0,0,0,1022,876,860,806,748,985,620,881,709,541,680,627,745,1157,1271,1377,1943,1174,1410
127,C1_12360C,RIB3,128,AAAGATCAGTTATATTTGTA,TGG,0,-,239,no,-24,24,20,0,0,0,0,0,0,339,315,323,244,222,358,231,300,232,212,244,210,246,416,471,475,568,341,467
128,C1_12610W,C1_12610W,129,AATTTGAGGAATAATAATAT,TGG,0,-,131,no,-88,88,15,0,0,0,0,0,0,76,56,70,50,51,83,35,47,35,29,43,37,47,63,69,69,103,62,93
129,C1_12610W,C1_12610W,130,AGAAAGAACAAATGAATTTG,AGG,0,-,117,no,-74,74,25,1,0,1,1,1,0,4397,4290,4387,3688,3621,4923,2902,3161,2906,2253,3340,2983,3251,3601,3963,3992,8337,5063,6564
130,C1_12610W,C1_12610W,131,GTGATAATGTTATATGTTGT,CGG,0,-,28,no,15,15,25,1,0,1,1,1,0,141,151,143,116,113,179,77,120,90,91,93,98,80,189,172,191,257,188,202
131,C1_12610W,C1_12610W,132,TGAGATGAGATTGAATATGA,AGG,0,+,213,no,-170,170,30,0,0,0,0,0,0,1263,991,953,855,834,1134,675,256,231,209,785,675,761,203,206,267,1689,1118,1474
132,C1_12660W,C1_12660W,133,GATTGAAAGGCGGACGGGGA,GGG,0,-,233,no,-141,141,60,0,0,0,0,0,0,353,314,308,264,290,335,234,287,228,221,249,229,293,451,462,438,679,386,503
133,C1_12660W,C1_12660W,134,ATTGGATTGAAAGGCGGACG,GGG,0,-,229,no,-137,137,50,2,0,2,2,2,0,1195,1249,1191,1032,867,1307,819,1000,903,854,948,856,1003,1665,1842,1940,2498,1424,1963
134,C1_12660W,C1_12660W,135,GATTGGATTGAAAGGCGGAC,GGG,0,-,228,no,-136,136,50,1,0,1,1,1,0,2650,2554,2584,2095,2131,2701,1756,2421,2120,1751,1969,1728,2060,3660,3813,3869,5356,3466,4226
135,C1_12660W,C1_12660W,136,AGATTGGATTGAAAGGCGGA,CGG,0,-,227,no,-135,135,45,1,0,1,1,1,0,147,139,137,115,84,100,83,101,104,90,101,85,129,177,209,184,209,174,195
136,C1_12810W,RIB7,137,CAAATTGCCTCCCACCACCA,AGG,0,+,145,no,-70,70,55,1,0,1,1,1,0,216,170,189,157,186,180,145,165,131,130,153,120,126,271,235,285,437,233,344
137,C1_12810W,RIB7,138,AAATTGCCTCCCACCACCAA,GGG,0,+,144,no,-69,69,50,0,0,0,0,0,0,124,152,115,136,113,179,79,114,109,80,112,86,114,168,189,173,352,179,273
138,C1_12810W,RIB7,139,GGTTGGTTGGTAGATTTCAA,GGG,0,-,67,no,8,8,40,0,0,0,0,0,0,1545,1535,1535,1335,1162,1605,1019,1347,1183,1014,1161,1026,1198,2115,2267,2443,2999,1925,2325
139,C1_12810W,RIB7,140,ATTGGGGTTTGTTTGTTAGT,TGG,0,+,240,no,-165,165,35,0,0,0,0,0,0,3111,2668,3014,2323,2179,3053,1950,2594,2217,1880,2320,1894,2184,4158,4580,4471,5806,3844,4807
140,C1_13370W,C1_13370W,141,AATGTTGATTTATCCATTAT,GGG,0,+,237,no,-172,172,20,0,0,0,0,0,0,42,65,46,46,38,56,36,52,46,33,53,45,51,63,83,76,93,81,98
141,C1_13370W,C1_13370W,142,TATCCATTATGGGGATGTGG,TGG,0,+,227,no,-162,162,45,0,0,0,0,0,0,632,583,591,467,479,688,419,414,415,325,438,455,481,522,579,558,1192,694,853
142,C1_13370W,C1_13370W,143,CCATTATGGGGATGTGGTGG,TGG,0,+,224,no,-159,159,55,2,0,2,0,2,0,54,45,61,44,55,55,42,41,48,25,53,40,43,60,82,93,130,62,76
143,C1_13370W,C1_13370W,144,CCACCACCACATCCCCATAA,TGG,0,-,221,no,-156,156,55,2,0,2,0,2,0,5666,5462,5514,4451,4334,5797,3767,4932,4416,3721,4417,3663,4376,8226,8429,8581,11865,7182,9495
144,C2_00710W,NPL6,145,AAGGATTCTGCAAATTAAAA,AGG,0,+,244,no,-209,209,25,2,0,2,0,2,0,1392,1355,1392,1200,1108,1469,842,1288,1009,894,1107,870,1082,1864,1953,1927,2810,1666,2088
145,C2_00710W,NPL6,146,GATTCTGCAAATTAAAAAGG,AGG,0,+,241,no,-206,206,30,0,0,0,0,0,0,240,250,224,183,163,251,160,258,184,141,179,145,168,328,364,349,442,211,337
146,C2_00710W,NPL6,147,ATTCTGCAAATTAAAAAGGA,GGG,0,+,240,no,-205,205,25,0,0,0,0,0,0,275,275,290,258,223,303,205,256,242,192,216,174,223,487,498,513,522,361,478
147,C2_00710W,NPL6,148,TTCTGCAAATTAAAAAGGAG,GGG,0,+,239,no,-204,204,30,0,0,0,0,0,0,564,524,570,469,435,615,417,502,401,334,401,362,463,684,811,705,958,628,874
148,C2_01030W,C2_01030W,149,CTATGTGTTGAAAATATAAT,AGG,0,+,168,yes,-154,154,20,0,0,0,0,0,0,,,,,,,,,,,,,,,,,,,
149,C2_01030W,C2_01030W,150,CTATTATATTTTCAACACAT,AGG,0,-,166,yes,-152,152,20,2,0,2,0,2,0,12,12,8,6,7,13,8,5,3,10,16,8,2,8,6,24,8,6,14
150,C2_01030W,C2_01030W,151,GCTGAACGTCAAATAGCTAC,TGG,0,-,83,no,-69,69,45,2,0,2,0,2,0,19,24,24,11,19,24,11,12,23,6,29,14,17,12,18,17,47,33,19
151,C2_01030W,C2_01030W,152,GATTTACATTCTGAAGATTC,TGG,0,+,221,yes,-207,207,30,0,0,0,0,0,0,,,,,,,,,,,,,,,,,,,
152,C2_01200C,REG1,153,AAGATGGGTTATGTGTGTGT,GGG,0,-,118,no,313,313,40,2,0,2,0,2,0,346,292,348,254,275,352,224,287,213,194,269,217,254,326,321,337,659,411,464
153,C2_01200C,REG1,154,AAAGATGGGTTATGTGTGTG,TGG,0,-,117,no,314,314,40,0,0,0,0,0,0,579,507,583,462,450,635,330,431,423,368,366,302,460,861,762,984,1118,722,896
154,C2_01200C,REG1,155,GACAACGACAACGATAAAGA,TGG,0,-,102,no,329,329,40,0,0,0,0,0,0,1572,1593,1617,1303,1206,1694,962,1323,1203,962,1156,1020,1129,1963,2171,2122,3112,1959,2441
155,C2_01200C,REG1,156,ATAAACTCCGTATAAGATTG,GGG,0,-,228,no,203,203,30,0,0,0,0,0,0,981,902,907,859,744,1047,638,909,703,611,705,601,717,1268,1398,1353,1943,1179,1507
156,C2_01300C,MNN24,157,AATAAGATAGAAAAGATGAA,TGG,0,-,198,no,-1,1,20,0,0,0,0,0,0,299,268,246,223,252,327,175,242,208,136,194,203,207,321,320,364,587,403,454
157,C2_01300C,MNN24,158,GAACAAGTGAATAAGGTGAT,GGG,0,-,70,no,127,127,35,0,0,0,0,0,0,1506,1415,1422,1221,1198,1483,988,1327,1164,1043,1049,966,1129,2117,2260,2273,2835,1845,2273
158,C2_01300C,MNN24,159,TGAACAAGTGAATAAGGTGA,TGG,0,-,69,no,128,128,35,0,0,0,0,0,0,1295,1159,1298,1047,924,1329,810,1222,983,862,860,839,931,1950,2125,2093,2621,1570,1908
159,C2_01300C,MNN24,160,GCTCCCTCAGAATTAGGTAT,TGG,0,-,30,no,167,167,45,0,0,0,0,0,0,5973,5452,5423,4614,4516,6052,3683,4952,4352,3729,4373,3872,4193,7873,8236,8382,11452,7025,8666
160,C2_02270C,C2_02270C,161,AAAAAAATTAAAGTGAGAAC,GGG,0,-,205,no,-160,160,20,0,0,0,0,0,0,175,231,192,170,168,234,143,171,149,140,168,134,146,289,302,259,357,236,321
161,C2_02270C,C2_02270C,162,TATGTATATATCTTTGTTTA,TGG,0,-,20,no,25,25,15,0,0,0,0,0,0,634,585,518,457,444,588,380,463,378,301,445,372,438,689,774,830,1134,693,859
162,C2_02270C,C2_02270C,163,AACAAACAAACAACTAACAT,AGG,0,+,242,no,-197,197,25,0,0,0,0,0,0,1141,1063,1014,841,846,1118,689,926,756,699,860,767,849,1234,1241,1241,1996,1351,1575
163,C2_02270C,C2_02270C,164,AAACAACTAACATAGGTTTA,TGG,0,+,235,no,-190,190,25,2,0,2,0,2,0,730,699,752,569,579,768,464,642,520,461,591,495,560,950,1075,1045,1428,853,990
164,C2_03560C,C2_03560C,165,TGGCGCAAAGGACAAAAAAA,AGG,0,+,125,no,-99,99,40,2,0,2,0,2,0,6411,6350,6496,5196,5117,7054,4269,5795,5182,4161,4911,4398,5063,8566,9383,9421,13023,8111,9974
165,C2_03560C,C2_03560C,166,AGGAAATTCGCCAGAACTCT,TGG,0,+,105,no,-79,79,45,0,0,0,0,0,0,446,440,363,321,355,446,272,266,236,170,322,247,304,258,246,265,774,435,580
166,C2_03560C,C2_03560C,167,GGCACTATCACCAAGAGTTC,TGG,0,-,92,no,-66,66,50,0,0,0,0,0,0,424,335,290,284,263,346,205,158,159,123,213,209,255,138,123,138,623,301,447
167,C2_03560C,C2_03560C,168,CAAGAATAATGCTTGATTTC,TGG,0,-,37,no,-11,11,30,0,0,0,0,0,0,35,37,52,38,32,49,19,33,39,22,24,27,35,59,49,44,74,40,47
168,C2_04590C,QCR8,169,TTATTGGTCAGACTATATGC,AGG,0,-,163,no,-132,132,35,0,0,0,0,0,0,1,,1,,,,,2,1,,,,2,,,,,2,5
169,C2_04590C,QCR8,170,TCTCTCTCTCACTTTGGTGG,TGG,0,-,109,no,-78,78,50,0,0,0,0,0,0,1897,1880,1741,1542,1392,1906,1246,1632,1467,1181,1438,1305,1532,2785,2834,2697,3818,2252,3249
170,C2_04590C,QCR8,171,CTCTCTCTCTCTCACTTTGG,TGG,0,-,106,no,-75,75,50,1,0,1,0,1,0,1018,910,900,769,784,933,665,578,491,467,730,630,690,546,657,674,1761,1108,1553
171,C2_04590C,QCR8,172,TCTCTCTCTCTCTCTCACTT,TGG,0,-,103,no,-72,72,45,1,0,1,0,1,0,1740,1704,1614,1375,1382,1811,1205,1287,1165,995,1299,1197,1319,1841,1903,2180,3192,1978,2571
172,C2_04710C,URE2,173,GGAATTTGATATATTTATGG,AGG,0,-,262,no,182,182,25,1,0,1,0,1,0,4867,4561,4672,3604,3678,4871,2941,4222,3291,2972,3523,3020,3553,6248,6665,6994,8919,5770,7206
173,C2_04710C,URE2,174,ATGGGAATTTGATATATTTA,TGG,0,-,259,no,185,185,20,0,0,0,0,0,0,3173,3099,3220,2533,2437,3172,1947,2961,2448,1933,2462,2063,2393,4477,4791,4664,6300,3873,4790
174,C2_04710C,URE2,175,TGTGATAATTGATGGAATAA,TGG,0,-,240,no,204,204,25,0,0,0,0,0,0,1833,1914,1784,1576,1507,1994,1197,1722,1452,1258,1461,1220,1482,2706,2639,2599,3624,2379,2977
175,C2_04710C,URE2,176,TTATAATCTGTGATAATTGA,TGG,0,-,232,no,212,212,20,0,0,0,0,0,0,21,34,23,25,16,37,12,14,16,12,20,23,15,17,30,19,41,27,26
176,C2_04800C,MDM10,177,GTGGTTGATGTGGTTTGGTC,TGG,0,-,133,no,-11,11,50,0,0,0,0,0,0,155,108,139,102,92,120,77,95,121,79,78,68,72,179,167,171,214,150,141
177,C2_04800C,MDM10,178,TAAAATGTTGATGGTTGATG,TGG,0,-,114,no,8,8,30,0,0,0,0,0,0,1404,1289,1362,1105,1068,1359,861,1051,940,682,999,833,1020,1454,1615,1650,2448,1480,1923
178,C2_04800C,MDM10,179,TACATAATCACACTAATTAT,TGG,0,+,245,no,-123,123,20,0,0,0,0,0,0,160,133,151,115,104,135,103,115,96,92,105,76,88,134,198,187,306,153,175
179,C2_04800C,MDM10,180,ATTAGTGTGATTATGTAAGC,AGG,0,-,248,no,-126,126,30,0,0,0,0,0,0,309,274,315,249,212,283,184,295,228,179,229,178,197,343,458,474,636,323,445
180,C2_04810W,HIS3,183,TTATTCATTACATAACTTAT,AGG,0,+,36,no,40,40,15,0,0,0,0,0,0,109,107,114,97,105,122,90,97,94,75,97,83,103,161,144,208,245,177,181
181,C2_04810W,HIS3,184,TCGTTTGTGCTTTAACTTCT,TGG,0,+,259,no,-183,183,35,0,0,0,0,0,0,80,72,77,66,52,83,38,52,62,52,78,27,57,103,112,119,166,92,116
182,C2_05500W,ATP4,185,AGATACTAGATTTCCTATTT,AGG,0,-,170,no,-140,140,25,0,0,0,0,0,0,715,655,673,562,578,680,459,638,503,400,580,449,511,894,981,903,1355,805,919
183,C2_05500W,ATP4,186,GAGCGAGAAACAAATATGAT,TGG,0,-,146,no,-116,116,35,0,0,0,0,0,0,397,380,386,318,326,395,281,392,268,256,263,238,276,517,543,644,723,509,568
184,C2_05500W,ATP4,187,TGTAAATGTGAAAGAAAGGG,AGG,0,+,79,no,-49,49,35,0,0,0,0,0,0,1001,812,808,740,673,967,511,343,348,305,617,558,617,254,295,278,1497,965,1251
185,C2_05500W,ATP4,188,GTAAATGTGAAAGAAAGGGA,GGG,0,+,78,no,-48,48,35,0,0,0,0,0,0,145,110,116,97,107,130,100,53,32,41,68,69,92,40,23,37,152,110,120
186,C2_06120C,C2_06120C,189,AATTTGGAACGCGTTTATTA,TGG,0,+,117,no,-105,105,30,0,0,0,0,0,0,104,61,72,57,54,87,73,67,41,53,46,55,40,74,82,102,145,77,77
187,C2_06120C,C2_06120C,190,AACGCGTTCCAAATTTGTTC,AGG,0,-,122,no,-110,110,40,0,0,0,0,0,0,136,108,112,91,89,115,71,117,87,89,92,82,77,178,192,196,220,143,178
188,C2_06120C,C2_06120C,191,CGTGTGTCTGTGCAGGCTGT,TGG,0,+,288,no,-276,276,60,0,0,0,0,0,0,3024,3022,3062,2470,2349,3032,1993,2723,2410,2111,2368,2067,2313,4274,4421,4476,6230,3861,4931
189,C2_06120C,C2_06120C,192,GTGTGTCTGTGCAGGCTGTT,GGG,0,+,287,no,-275,275,55,0,0,0,0,0,0,14,12,23,14,7,24,6,21,15,11,15,7,25,29,19,18,25,22,22
190,C2_06290C,ATP14,193,CACACACTTGAGTTGATTTG,TGG,0,+,117,no,-86,86,40,0,0,0,0,0,0,240,175,204,175,172,201,140,100,74,66,144,106,119,53,65,52,319,201,245
191,C2_06290C,ATP14,194,CACTTGAGTTGATTTGTGGA,AGG,0,+,113,no,-82,82,40,0,0,0,0,0,0,,,,,,,,,,,,,,,,,,,
192,C2_06290C,ATP14,195,CTTGAGTTGATTTGTGGAAG,GGG,0,+,111,no,-80,80,40,0,0,0,0,0,0,282,248,259,240,198,264,182,250,205,177,186,170,221,346,358,332,569,314,449
193,C2_06290C,ATP14,196,CAACTCAAGTGTGTGCGATT,CGG,0,-,122,no,-91,91,45,0,0,0,0,0,0,,,,,,,,,,,,,,,,,,,
194,C2_07670C,GLE1,197,TTACGGAATAGAAAATGTAG,GGG,0,-,112,no,24,24,30,0,0,0,0,0,0,262,249,229,204,205,275,170,109,108,95,171,155,174,112,164,87,474,295,393
195,C2_07670C,GLE1,198,TTGTATGATTCAGATACTAG,GGG,0,-,81,no,55,55,30,0,0,0,0,0,0,43,49,20,36,29,59,19,24,34,28,41,30,32,71,51,62,99,42,44
196,C2_07670C,GLE1,199,TAGTCTGTGATTCACCAAAT,TGG,0,+,256,no,-120,120,35,0,0,0,0,0,0,146,108,107,104,97,111,74,98,100,94,79,71,100,170,197,146,224,167,214
197,C2_07670C,GLE1,200,AACACTCATGAATGAGATAG,TGG,0,+,286,no,-150,150,35,0,0,0,0,0,0,172,146,95,87,104,131,76,112,117,88,100,82,93,186,204,227,274,125,196
198,C2_07680W,C2_07680W,201,GTTAACGTCGGTCTTTCTTC,TGG,0,-,156,no,-135,135,45,0,0,0,0,0,0,552,585,538,473,464,625,370,554,495,422,431,379,443,820,869,832,1139,651,798
199,C2_07680W,C2_07680W,202,TTCTCCCTCTCCATTCTGTT,TGG,0,+,84,no,-63,63,45,0,0,0,0,0,0,171,165,160,127,144,185,79,67,57,43,87,111,112,34,39,32,232,122,170
200,C2_07680W,C2_07680W,203,CTAACCAAACAGAATGGAGA,GGG,0,-,77,no,-56,56,40,0,0,0,0,0,0,59,33,40,49,24,52,48,21,18,12,30,18,16,10,8,8,56,20,54
201,C2_07680W,C2_07680W,204,TCTAACCAAACAGAATGGAG,AGG,0,-,76,no,-55,55,40,0,0,0,0,0,0,642,498,447,462,340,548,324,180,154,132,227,215,250,58,76,59,445,296,396
202,C2_09380W,RRP15,205,CGAGAGTCTAATTTCTTACG,CGG,0,-,106,no,-46,46,40,0,0,0,0,0,0,414,360,379,291,281,379,249,250,189,176,248,243,323,177,238,285,688,422,590
203,C2_09380W,RRP15,206,TATGAAGAGACCATCCCTCT,AGG,0,+,62,no,-2,2,45,0,0,0,0,0,0,944,966,928,756,853,963,594,680,587,470,764,557,684,834,890,886,1987,1117,1407
204,C2_09380W,RRP15,207,CATCCCTCTAGGTAAACCAC,TGG,0,+,51,no,9,9,50,0,0,0,0,0,0,387,389,375,280,327,400,229,123,136,73,276,271,262,111,133,101,727,491,527
205,C2_09380W,RRP15,208,CAGTGGTTTACCTAGAGGGA,TGG,0,-,49,no,11,11,50,0,0,0,0,0,0,5,2,4,3,1,7,6,,,,,6,2,,,,,4,6
206,C2_09680W,C2_09680W,209,GACTTGGTTGCACACTCCGG,CGG,0,+,277,no,-184,184,60,0,0,0,0,0,0,1317,1218,1137,1022,987,1294,828,932,877,645,951,828,925,1228,1211,1390,2654,1573,1987
207,C2_09680W,C2_09680W,210,CAACCAAGTCCAAAGTGGGC,CGG,0,-,287,no,-194,194,55,0,0,0,0,0,0,26,27,20,6,13,17,15,16,11,15,11,12,16,29,25,17,48,25,33
208,C2_09680W,C2_09680W,211,GTGTGCAACCAAGTCCAAAG,TGG,0,-,282,no,-189,189,50,0,0,0,0,0,0,,,,,,,,,,,,,,,,,,,
209,C2_09680W,C2_09680W,212,GAAGTATTTGGAAATACTAA,AGG,0,-,24,no,69,69,25,0,0,0,0,0,0,150,146,121,109,99,171,86,117,111,99,110,129,126,190,193,208,317,184,244
210,C2_09840W,MTW1,213,AACAGACCACCACAACTACT,TGG,0,+,40,no,8,8,45,0,0,0,0,0,0,1356,1586,1321,1193,1191,1356,872,1261,1107,954,1163,973,1070,1923,2055,2086,2776,1735,2256
211,C2_09840W,MTW1,214,GTTGTGGTGGTCTGTTGTTG,TGG,0,-,44,no,4,4,50,0,0,0,0,0,0,202,225,248,198,155,223,170,211,135,108,174,145,207,294,364,276,371,258,339
212,C2_09840W,MTW1,215,GAATAGCCAAGTAGTTGTGG,TGG,0,-,31,no,17,17,45,0,0,0,0,0,0,20,12,17,7,5,8,7,8,10,4,8,7,15,8,15,4,22,7,27
213,C2_09840W,MTW1,216,TAAGAATAGCCAAGTAGTTG,TGG,0,-,28,no,20,20,35,0,0,2,0,2,0,4086,4025,3945,3341,3278,4368,2639,3752,3106,2709,3161,2755,3062,5587,5832,5911,8194,4831,6148
214,C2_10280C,SPT23,217,AAAGTGGAAAGTGGTGGAGG,CGG,0,-,150,no,11,11,50,0,0,2,0,2,0,331,364,341,298,242,375,237,319,267,220,255,257,264,499,507,492,721,386,552
215,C2_10280C,SPT23,218,TGTGTGTAATAAGTGTGTGT,AGG,0,-,281,no,-120,120,35,0,0,2,0,2,0,1048,769,836,677,738,909,547,500,424,424,682,511,661,634,720,689,1656,1033,1230
216,C2_10280C,SPT23,219,TTGAGTAGGCGGGTGGTAGT,GGG,0,-,246,no,-85,85,55,0,0,2,0,2,0,215,103,105,91,79,102,66,9,16,13,74,50,75,,,5,166,88,119
217,C2_10280C,SPT23,220,TTTGAGTAGGCGGGTGGTAG,TGG,0,-,245,no,-84,84,55,0,0,0,0,0,0,709,472,518,406,412,512,332,156,128,116,421,337,411,134,124,169,965,575,774
218,C3_01080W,MRPL33,221,CGAAAGCTCAACGTTAAGGA,AGG,0,+,103,no,-27,27,45,0,0,0,0,0,0,,1,,,,,,,,,,,,,,,,,
219,C3_01080W,MRPL33,222,CAACGTTAAGGAAGGAAGGA,AGG,0,+,95,no,-19,19,45,0,0,0,0,0,0,297,268,282,245,217,308,211,35,37,24,236,183,231,28,43,25,587,327,470
220,C3_01080W,MRPL33,223,TCCCGGACAACACCCAAAAC,TGG,0,+,247,no,-171,171,55,0,0,0,0,0,0,682,766,729,576,516,695,392,331,309,251,536,447,526,210,160,243,1330,820,1168
221,C3_01080W,MRPL33,224,GGTTTGCAAAAACACATTTA,CGG,0,+,226,no,-150,150,30,1,0,1,0,0,0,243,214,216,162,190,211,153,134,115,90,173,160,170,94,112,96,402,243,351
222,C3_01300C,NCE103,225,GGAAGGGATATAAACAATTT,AGG,0,-,103,no,242,242,30,1,0,1,0,0,0,681,674,638,562,522,667,434,584,559,423,522,475,477,819,931,917,1331,799,974
223,C3_01300C,NCE103,226,TCTTGTACGACCAGTATCAG,TGG,0,+,60,no,285,285,45,0,0,0,0,0,0,141,168,122,115,109,135,103,138,112,102,104,100,118,205,179,230,281,180,272
224,C3_01300C,NCE103,227,TGGCATCACCATCTCAATTG,AGG,0,+,40,no,305,305,45,0,0,0,0,0,0,1606,1466,1414,1209,1168,1549,1054,1325,1197,1056,1131,1063,1092,2088,2165,2198,2866,1659,2252
225,C3_01300C,NCE103,228,GATGGTGATGCCACTGATAC,TGG,0,-,47,no,298,298,50,0,0,0,0,0,0,4,2,2,,1,2,1,1,,1,,,2,5,,1,9,,6
226,C3_02370C,ALR1,229,GAACTAAGGACTGAGGACTG,AGG,0,-,181,no,362,362,50,0,0,0,0,0,0,42,30,37,31,48,49,23,32,26,32,39,27,31,52,45,48,31,40,73
227,C3_02370C,ALR1,230,ATATTAAGAACTAAGGACTG,AGG,0,-,174,no,369,369,30,0,0,0,0,0,0,1710,1618,1579,1368,1253,1727,1031,1638,1378,1235,1219,1095,1251,2966,3002,2967,3237,2090,2405
228,C3_02370C,ALR1,231,GGACTAGACTAGGAACAGGG,GGG,0,-,249,no,294,294,55,0,0,0,0,0,0,535,538,529,417,440,557,404,500,422,315,413,347,416,823,806,851,1079,678,894
229,C3_02370C,ALR1,232,ATTGGACTAGACTAGGAACA,GGG,0,-,246,no,297,297,40,0,0,0,0,0,0,193,159,155,112,125,173,98,123,94,100,115,96,121,129,206,191,256,187,226
230,C3_02670W,C3_02670W,233,TTGCTTTCACAAAGATCACT,GGG,0,-,190,no,-172,172,35,0,0,0,0,0,0,86,49,77,56,40,62,44,56,55,47,61,47,39,78,79,112,130,80,102
231,C3_02670W,C3_02670W,234,GTTGCTTTCACAAAGATCAC,TGG,0,-,189,no,-171,171,40,0,0,0,0,0,0,29,31,33,18,18,35,4,12,22,15,11,10,9,34,54,49,40,28,38
232,C3_02670W,C3_02670W,235,CAACAGATGGTGATGGTTGT,AGG,0,+,88,no,-70,70,45,0,0,0,0,0,0,21,25,19,17,23,28,25,23,18,22,17,20,13,43,39,31,51,38,28
233,C3_02670W,C3_02670W,236,CACCATCTGTTGCAAAAAAT,AGG,0,-,96,no,-78,78,35,0,0,0,0,0,0,71,65,65,70,63,74,58,65,49,39,67,52,44,87,128,117,198,91,111
234,C3_04830C,FAS2,237,AATTTCTTGTAAGCTAATTG,AGG,0,+,290,no,-247,247,25,0,0,0,0,0,0,95,109,86,72,72,111,79,92,89,59,60,61,71,139,136,137,134,123,165
235,C3_04830C,FAS2,238,TAAGCTAATTGAGGGTGTTT,CGG,0,+,281,no,-238,238,35,0,0,0,0,0,0,818,821,863,656,672,866,547,729,635,581,626,589,613,1235,1295,1290,1730,1109,1318
236,C3_04830C,FAS2,239,TCCAGCTTAGGGCATATTGT,TGG,0,+,153,no,-110,110,45,0,0,0,0,0,0,1102,1008,1020,859,838,990,731,818,792,656,730,679,800,1347,1451,1411,1938,1209,1559
237,C3_04830C,FAS2,240,ACCAACAATATGCCCTAAGC,TGG,0,-,149,no,-106,106,45,0,0,0,0,0,0,419,445,449,383,394,478,294,406,331,272,395,325,381,618,535,677,1044,574,728
238,C3_05800W,C3_05800W,241,CCAAAAAAACACGACTTGGA,AGG,0,+,132,no,-104,104,40,0,0,0,0,0,0,1102,887,903,721,685,1020,635,465,381,320,691,590,742,354,409,437,1926,1203,1438
239,C3_05800W,C3_05800W,242,ACTAGTGTCTTGTACGTTAT,TGG,0,+,269,no,-241,241,35,0,0,1,0,1,0,118,137,152,116,86,126,101,157,107,94,113,85,111,219,191,201,312,169,222
240,C3_05800W,C3_05800W,243,CAGTAAGACAAACCAAGCCA,AGG,0,+,16,no,12,12,45,0,0,1,0,1,0,54,10,20,12,10,10,13,3,12,2,10,6,7,,,2,20,6,22
241,C3_05800W,C3_05800W,244,AGTAAGACAAACCAAGCCAA,GGG,0,+,15,no,13,13,40,0,0,0,0,0,0,4892,4792,4968,4136,3967,5222,3391,4262,3717,3205,3684,3345,3755,6424,6937,7068,9897,6023,7718
242,C3_05830W,KRE6,245,TAGCAACCCTTTATTATACT,TGG,0,+,73,no,132,132,30,0,0,0,0,0,0,1148,1149,1094,956,1007,1237,764,1049,909,792,925,755,858,1615,1769,1614,2315,1450,1890
243,C3_05830W,KRE6,246,AATGTTGCCAAGTATAATAA,AGG,0,-,63,no,142,142,25,0,0,0,0,0,0,287,343,306,275,258,311,238,239,252,197,255,185,222,440,448,496,617,421,505
244,C3_05830W,KRE6,247,ATATATATATATATGAATGG,TGG,0,-,32,no,173,173,15,0,0,0,0,0,0,12,8,10,6,5,8,7,12,4,4,6,14,9,19,2,12,13,19,27
245,C3_05830W,KRE6,248,TATTCTATTCTATTCTATTA,AGG,0,+,200,no,5,5,15,0,0,0,0,0,0,330,287,317,271,197,307,221,280,200,205,243,234,283,391,475,367,568,363,473
246,C3_06520C,C3_06520C,249,AGGGGAGTAAAAGAGCATCG,TGG,0,+,190,no,-143,143,50,0,0,0,0,0,0,3128,3081,3151,2594,2415,3211,2062,2706,2437,2075,2417,2014,2334,4571,4718,4644,6334,3681,4788
247,C3_06520C,C3_06520C,250,GAAGAATGAGACGCGCGATG,TGG,0,+,158,no,-111,111,55,0,0,1,0,1,0,341,290,325,294,261,361,235,267,246,232,239,210,274,428,402,501,708,453,508
248,C3_06520C,C3_06520C,251,AAGAATGAGACGCGCGATGT,GGG,0,+,157,no,-110,110,50,0,0,0,0,0,0,364,272,287,288,246,337,205,293,234,188,253,261,258,417,417,520,646,428,534
249,C3_06520C,C3_06520C,252,TATGTTGAATTTACTTAACG,GGG,0,+,217,no,-170,170,25,0,0,0,0,0,0,253,220,219,203,169,231,164,200,156,135,179,162,204,327,327,314,461,271,353
250,C3_07320W,MDS3,253,ACAAAAAGTGAGGGCGTGAG,GGG,0,-,86,no,82,82,50,0,0,0,0,0,0,3766,3587,3673,3001,2902,4130,2436,3496,3304,2593,2948,2633,2899,8318,7578,7685,7844,4820,6171
251,C3_07320W,MDS3,254,AAACAAAAAGTGAGGGCGTG,AGG,0,-,84,no,84,84,45,0,0,0,0,0,0,229,241,227,212,143,201,138,236,148,149,183,151,182,318,325,316,505,260,358
252,C3_07320W,MDS3,255,GATCTTAAGGCACAAGTTAT,TGG,0,+,49,no,119,119,35,0,0,0,0,0,0,586,649,656,557,501,675,473,593,558,415,475,423,528,865,966,888,1192,787,1048
253,C3_07320W,MDS3,256,ATATAACCCACAAGTCTTAG,TGG,0,-,253,no,-85,85,35,0,0,0,0,0,0,142,133,128,98,111,130,81,63,38,55,88,61,78,56,64,62,202,118,158
254,C3_07390C,C3_07390C,257,TGGTAGGTTTGCAGTTGTTG,AGG,0,-,29,no,5,5,45,0,0,0,0,0,0,463,496,490,433,355,531,312,362,389,304,353,335,359,488,526,509,967,654,806
255,C3_07390C,C3_07390C,258,AGAAGGTTGGAGAGCAAGAT,CGG,0,-,255,no,-221,221,45,0,0,0,0,0,0,2517,2354,2393,2046,1889,2629,1619,1915,1835,1490,1856,1562,1920,2921,3172,3229,4734,2923,3943
256,C3_07390C,C3_07390C,259,GACGAGCTAAAGAAGAAGGT,TGG,0,-,242,no,-208,208,45,0,0,0,0,0,0,3025,2916,2894,2406,2262,3097,1966,2486,2270,1873,2192,1854,2189,3993,4218,4417,5908,3555,4757
257,C3_07390C,C3_07390C,260,TAAGTCACGTTTGTCCTTGC,TGG,0,+,215,no,-181,181,45,0,0,0,0,0,0,155,140,173,127,119,159,112,147,137,109,123,109,129,246,293,231,276,162,264
258,C3_07780C,NUP159,261,GGACTGGTTCAAAATTAGTG,GGG,0,+,280,no,-261,261,40,0,0,0,0,0,0,1535,1446,1447,1256,1158,1572,980,1322,1207,976,1120,1002,1203,2096,2303,2211,2999,1809,2416
259,C3_07780C,NUP159,262,CTTCTTGTAGCCTCCCAACA,TGG,0,+,101,no,-82,82,50,0,0,0,0,0,0,2,2,2,3,,,,,1,1,,2,,1,2,,,,
260,C3_07780C,NUP159,263,GTGTGGTGCACGACCATGTT,GGG,0,-,85,no,-66,66,55,0,0,0,0,0,0,,,,,,,,,,,,,,,,,,,
261,C3_07780C,NUP159,264,TGTGTGGTGCACGACCATGT,TGG,0,-,84,no,-65,65,55,0,0,0,0,0,0,493,553,502,415,376,512,332,479,434,316,415,338,393,783,810,756,1029,687,869
262,C4_00560C,MMM1,265,TAGTGCCAGAGATTTCACAG,TGG,0,+,89,no,-54,54,45,0,0,0,0,0,0,812,772,833,622,646,837,577,431,345,337,670,474,654,206,207,231,1664,1069,1401
263,C4_00560C,MMM1,266,AGTGCCAGAGATTTCACAGT,GGG,0,+,88,no,-53,53,45,0,0,0,0,0,0,3866,3591,3520,2997,2857,3887,2424,2200,2061,1685,2848,2400,2867,2040,2114,2061,7491,4501,5599
264,C4_00560C,MMM1,267,TGCCAGAGATTTCACAGTGG,GGG,0,+,86,no,-51,51,50,0,0,0,0,0,0,641,621,618,548,496,643,416,386,334,277,493,398,489,406,370,452,1261,718,936
265,C4_00560C,MMM1,268,CCAGAGATTTCACAGTGGGG,GGG,0,+,84,no,-49,49,55,0,0,0,0,0,0,538,398,451,394,383,539,343,77,47,48,346,255,363,4,7,6,974,609,685
266,C4_00890W,ARO1,269,CGATGAGCCATGACCAACAA,GGG,0,-,198,no,-177,177,50,0,0,0,0,0,0,192,196,194,179,132,171,143,193,141,111,141,119,148,290,266,283,343,235,262
267,C4_00890W,ARO1,270,ACGATGAGCCATGACCAACA,AGG,0,-,197,no,-176,176,50,0,0,0,0,0,0,302,278,269,226,197,290,201,209,179,154,203,184,193,337,369,361,534,351,453
268,C4_00890W,ARO1,271,TTTCTCCATCAAACGGTGTT,TGG,0,+,168,no,-147,147,40,0,0,0,0,0,0,112,82,98,95,79,90,61,87,82,61,76,69,49,140,79,146,169,99,121
269,C4_00890W,ARO1,272,ACGGTGTTTGGTTTCTCGTT,TGG,0,+,156,no,-135,135,45,0,0,0,0,0,0,1152,1223,1248,930,951,1261,837,1003,939,733,934,836,945,1586,1763,1823,2559,1485,1963
270,C4_01150W,ASK1,273,GTGTGTTTAAGGGATGCTGG,TGG,0,+,280,no,-252,252,50,0,0,0,0,0,0,313,255,267,229,196,272,184,215,221,158,183,164,218,282,342,337,543,393,532
271,C4_01150W,ASK1,274,TGGTGGTAAATGGTTAGTGG,TGG,0,+,205,no,-177,177,45,0,0,0,0,0,0,1600,1049,1032,883,967,1265,832,363,314,312,883,659,849,234,210,252,2117,1242,1561
272,C4_01150W,ASK1,275,AAATGGTTAGTGGTGGTAAG,TGG,0,+,198,no,-170,170,40,0,0,0,0,0,0,221,126,135,128,127,147,95,39,48,34,117,65,105,33,26,30,190,104,113
273,C4_01150W,ASK1,276,TTAGTGGTGGTAAGTGGAGG,TGG,0,+,192,no,-164,164,50,0,0,0,0,0,0,51,35,37,26,19,29,16,15,12,13,25,17,12,21,13,21,24,29,23
274,C4_01750C,FBA1,277,GTAGGCAAGCAGGCAGAAAG,TGG,0,+,210,no,-153,153,55,0,0,0,0,0,0,61,76,57,53,50,53,47,31,17,27,41,61,45,24,17,36,137,72,93
275,C4_01750C,FBA1,278,TAGGCAAGCAGGCAGAAAGT,GGG,0,+,209,no,-152,152,50,0,0,0,0,0,0,1001,855,864,707,797,981,603,505,513,424,678,636,797,650,639,613,1952,1190,1489
276,C4_01750C,FBA1,279,TTCTGCCTGCTTGCCTACGT,GGG,0,-,212,no,-155,155,55,0,0,0,0,0,0,156,133,154,113,155,153,109,80,111,92,128,95,117,132,166,145,325,175,273
277,C4_01750C,FBA1,280,TTTCTGCCTGCTTGCCTACG,TGG,0,-,211,no,-154,154,55,0,0,0,0,0,0,100,88,78,64,74,116,64,73,81,59,59,56,51,100,114,94,179,91,118
278,C4_01870C,ERG8,281,CATTGGTATAATTGGTCTTG,GGG,0,-,271,no,-239,239,35,0,0,0,0,0,0,116,115,103,79,75,127,66,116,91,80,73,74,79,167,177,166,270,147,158
279,C4_01870C,ERG8,282,CCATTGGTATAATTGGTCTT,GGG,0,-,270,no,-238,238,35,0,0,0,0,0,0,111,103,111,111,106,116,66,96,75,65,95,71,85,124,155,179,187,130,181
280,C4_01870C,ERG8,283,TTACAAGAATGCAAGACCAT,TGG,0,-,254,no,-222,222,35,0,0,0,0,0,0,3138,3001,3067,2551,2523,3312,2085,3205,2818,2441,2438,2166,2443,5813,5840,6233,6347,3734,5051
281,C4_01870C,ERG8,284,ACAAGTTACACATATAGCTA,TGG,0,-,211,no,-179,179,30,0,0,0,0,0,0,556,572,568,457,439,645,361,497,394,330,438,403,420,781,706,807,1228,695,856
282,C4_01880W,TYR1,285,TTGGCGTGAAAAAAAAAACG,AGG,0,-,116,no,-68,68,35,0,0,0,0,0,0,389,304,368,254,281,333,216,47,62,50,280,231,231,44,69,38,683,422,463
283,C4_01880W,TYR1,286,GGAAAAGCATTTCTTGCTGG,TGG,0,-,254,no,-206,206,45,0,0,0,0,0,0,61,65,73,47,59,99,47,83,54,51,68,56,40,112,118,94,160,81,117
284,C4_01880W,TYR1,287,CCTGGAAAAGCATTTCTTGC,TGG,0,-,251,no,-203,203,45,0,0,0,0,0,0,289,330,294,224,252,298,219,294,253,218,253,203,231,485,402,510,583,431,400
285,C4_01880W,TYR1,288,TGACATTGCCAATTGATGAT,CGG,0,+,216,no,-168,168,35,0,0,0,0,0,0,696,682,646,598,607,694,446,588,560,446,503,445,479,940,1121,1074,1364,805,1031
286,C4_01980C,CLC1,289,ATAAGTTTGTCGTGTGTTTG,AGG,0,-,153,no,-105,105,35,0,0,0,0,0,0,613,595,547,484,470,562,381,522,444,366,469,419,425,850,727,839,1243,803,881
287,C4_01980C,CLC1,290,ATCAAATACTGGGCAAGAGC,GGG,0,-,63,no,-15,15,45,0,0,0,0,0,0,3189,2879,2739,2312,2519,3231,2034,1152,1132,890,2322,1949,2240,890,856,865,5958,3684,4761
288,C4_01980C,CLC1,291,AATCAAATACTGGGCAAGAG,CGG,0,-,62,no,-14,14,40,0,0,0,0,0,0,1098,1062,1111,911,891,1103,720,642,535,422,787,685,854,552,573,643,2062,1207,1658
289,C4_01980C,CLC1,292,TTACATCATTTCCTGTGGAG,TGG,0,-,217,no,-169,169,40,0,0,0,0,0,0,251,222,181,156,154,232,117,166,194,140,147,134,134,325,304,329,462,272,336
290,C4_03200C,C4_03200C,293,TATGTCCGTATCAATCTACG,TGG,0,-,275,no,-217,217,40,0,0,0,0,0,0,207,151,183,149,136,190,158,147,135,132,169,107,147,252,286,294,372,180,299
291,C4_03200C,C4_03200C,294,TCATACCACGTAGATTGATA,CGG,0,+,283,no,-225,225,35,0,0,0,0,0,0,86,72,60,58,63,78,43,52,52,44,53,45,57,92,103,110,150,74,133
292,C4_03200C,C4_03200C,295,TCCGGAATGTCACAGGTAAT,CGG,0,-,225,no,-167,167,45,0,0,0,0,0,0,2693,2537,2605,2266,2090,2762,1797,2284,2052,1788,2026,1785,2024,3838,3967,3880,5528,3422,4211
293,C4_03200C,C4_03200C,296,AGTAAACTCCGGAATGTCAC,AGG,0,-,218,no,-160,160,45,0,0,0,0,0,0,1490,1473,1523,1143,1189,1511,963,1335,1174,957,1099,990,1114,1989,2096,2184,2994,1830,2343
294,C4_03330W,IPK1,297,GTGAAGATCAGGCCCTTCCT,TGG,0,+,103,no,146,146,55,0,0,0,0,0,0,1039,946,853,767,727,865,610,869,735,587,696,602,681,1494,1492,1487,1931,1164,1533
295,C4_03330W,IPK1,298,GGCAAGATATAACCAAGGAA,GGG,0,-,88,no,161,161,40,0,0,0,0,0,0,1661,1493,1449,1257,1171,1600,994,1228,1129,997,1183,962,1200,1819,1811,1986,3016,1838,2283
296,C4_03330W,IPK1,299,GGGCAAGATATAACCAAGGA,AGG,0,-,87,no,162,162,45,0,0,0,0,0,0,1644,1626,1612,1321,1372,1789,1096,1553,1333,1062,1239,1134,1275,2451,2504,2554,3198,1943,2715
297,C4_03330W,IPK1,300,TTTAGGGCAAGATATAACCA,AGG,0,-,83,no,166,166,35,2,0,2,0,2,0,400,421,392,263,316,388,237,301,253,221,305,256,276,468,435,438,707,510,578
298,C4_04260C,FZO1,301,CAAATAGTGTATCCGCAAAT,TGG,0,-,199,no,-66,66,35,2,0,2,0,2,0,239,212,190,205,168,212,161,208,166,147,202,141,194,333,375,344,410,254,368
299,C4_04260C,FZO1,302,ACTGATCACGTGAAAATTCG,GGG,0,+,274,no,-141,141,40,1,0,1,0,1,0,269,238,271,191,229,276,174,231,211,142,196,176,191,340,376,410,445,331,453
300,C4_04260C,FZO1,303,ACGTCTTTCGATAGTGGCAC,TGG,0,-,127,no,6,6,50,0,0,0,0,0,0,183,142,154,106,148,162,97,132,120,98,116,113,108,126,167,151,345,175,250
301,C4_04260C,FZO1,304,TTGAATACGTCTTTCGATAG,TGG,0,-,121,no,12,12,35,0,0,0,0,0,0,173,158,174,126,138,174,111,124,131,120,148,131,102,179,234,233,318,218,188
302,C4_04820C,C4_04820C,305,CATAGTGCGAACAATACTAT,AGG,0,-,191,no,-112,112,35,0,0,0,0,0,0,,,,,,,,,,,,,,,,,,,
303,C4_04820C,C4_04820C,306,TGAAAACTCAATGTTGATAT,TGG,0,-,153,no,-74,74,25,0,0,0,0,0,0,705,744,730,635,567,811,457,687,627,469,617,495,624,976,1181,1165,1438,884,1236
304,C4_04820C,C4_04820C,307,TGGAATATTTGGGTGCGGGA,AGG,0,+,58,no,21,21,50,0,0,0,0,0,0,1982,1713,1867,1475,1458,1956,1233,1670,1364,1152,1509,1198,1404,2652,2869,2869,3850,2343,3029
305,C4_04820C,C4_04820C,308,CTATAGTATTGTTCGCACTA,TGG,0,+,193,no,-114,114,35,0,0,0,0,0,0,20,9,4,7,13,16,13,12,12,7,12,5,12,13,23,8,35,17,19
306,C5_00770C,FOL1,309,AATTTGATGCTACCACTACG,AGG,0,+,273,no,-133,133,40,2,0,2,0,2,0,89,86,102,74,86,140,48,79,75,46,77,63,55,123,130,139,170,105,159
307,C5_00770C,FOL1,310,TTGGAGGAAAAGTGGGGCGG,AGG,0,-,117,no,23,23,60,1,0,1,0,1,0,234,171,172,128,146,189,119,158,172,134,161,148,151,236,334,306,407,286,338
308,C5_00770C,FOL1,311,TAATTGGAGGAAAAGTGGGG,CGG,0,-,114,no,26,26,45,0,0,0,0,0,0,101,100,68,77,71,104,65,52,51,34,65,60,58,65,77,88,186,121,169
309,C5_00770C,FOL1,312,GGTATTAAATTGGTTCCAAG,AGG,0,+,252,no,-112,112,35,0,0,0,0,0,0,3196,3214,3064,2533,2544,3289,2049,2896,2563,2083,2461,2123,2502,4495,4722,4852,6289,3798,5025
310,C5_00790C,C5_00790C,313,CCATCCCCCAAAAGAGTAAA,AGG,0,+,279,no,339,339,45,0,0,0,0,0,0,4709,4286,4424,3523,3454,4496,2851,3855,3379,2743,3378,2839,3402,6054,6375,6648,9011,5458,7000
311,C5_00790C,C5_00790C,314,AAAGTTACCAACCAGTAAAT,TGG,0,+,245,no,373,373,30,0,0,0,0,0,0,31,27,45,20,28,28,12,39,24,23,25,23,27,35,42,31,51,43,50
312,C5_00790C,C5_00790C,315,CGATGGAACTACCAATTTAC,TGG,0,-,231,no,387,387,40,0,0,0,0,0,0,3,2,1,,,,,,2,,,,,,,,,,
313,C5_00790C,C5_00790C,316,TAGTAGTTTGGATTTGACGA,TGG,0,-,214,no,404,404,35,0,0,0,0,0,0,1664,1558,1504,1286,1199,1566,1012,1422,1143,1046,1203,1021,1155,2173,2221,2275,3108,1926,2553
314,C5_01240W,AUR1,317,AATGTAGCGGGGAAGAGGAG,AGG,0,-,249,no,104,104,55,0,0,0,0,0,0,1483,1299,1304,992,1096,1371,908,651,615,517,1016,912,995,594,712,770,2718,1703,2224
315,C5_01240W,AUR1,318,GTTCTAATGTAGCGGGGAAG,AGG,0,-,244,no,109,109,50,0,0,0,0,0,0,228,197,232,219,179,193,132,195,205,142,184,142,177,290,280,365,451,292,376
316,C5_01240W,AUR1,319,ATGGTGGTTCTAATGTAGCG,GGG,0,-,238,no,115,115,45,0,0,0,0,0,0,260,194,226,170,196,258,150,207,208,147,163,140,186,280,348,344,453,236,374
317,C5_01240W,AUR1,320,AATGGTGGTTCTAATGTAGC,GGG,0,-,237,no,116,116,40,0,0,0,0,0,0,187,142,164,160,133,172,124,152,138,88,124,93,103,229,288,227,363,190,223
318,C5_01460W,YBL053,321,CAACGCGTTGTTTATTTCTG,TGG,0,+,74,no,23,23,40,0,0,0,0,0,0,41,47,45,22,24,40,23,22,17,35,28,17,30,38,33,50,54,42,59
319,C5_01460W,YBL053,322,ACAATGCTAGGATATGATGA,TGG,0,-,15,no,82,82,35,1,0,0,0,0,0,293,266,261,216,200,292,162,193,163,161,214,186,219,332,295,363,570,336,466
320,C5_01460W,YBL053,323,GAATTCTCAGGCTGGTCCAT,AGG,0,-,253,no,-156,156,50,1,0,0,0,0,0,90,119,129,92,126,146,90,103,109,96,91,85,82,166,173,217,234,152,200
321,C5_01460W,YBL053,324,TGTCTAAGGAATTCTCAGGC,TGG,0,-,245,no,-148,148,45,0,0,0,0,0,0,1160,1147,1130,984,891,1256,763,1071,1022,897,939,791,892,1854,1862,1892,2483,1496,1977
322,C5_01720C,RCY1,325,GTTGATTGATGACTGATGGT,GGG,0,-,186,no,31,31,40,0,0,0,0,0,0,180,202,196,163,160,207,118,182,166,122,152,136,140,267,336,281,418,246,278
323,C5_01720C,RCY1,326,AGTTGATTGATGACTGATGG,TGG,0,-,185,no,32,32,40,0,0,0,0,0,0,2190,2128,2102,1815,1691,2230,1433,2001,1771,1387,1623,1450,1646,3298,3262,3347,4209,2696,3240
324,C5_01720C,RCY1,327,GATAGTTGATTGATGACTGA,TGG,0,-,182,no,35,35,35,0,0,0,0,0,0,194,196,249,200,185,271,172,199,162,139,154,151,200,258,298,348,410,259,306
325,C5_01720C,RCY1,328,AAAGTAATATCTTAACGCAA,TGG,0,-,158,no,59,59,25,1,0,1,1,1,1,238,267,303,232,223,275,192,250,190,165,215,211,244,344,386,438,531,371,457
326,C5_02900W,SPT8,329,ATTCTCTGGCTTGCTGGCTT,TGG,0,-,146,no,-121,121,50,1,0,1,1,1,1,128,105,93,80,74,113,66,90,86,59,79,66,89,141,154,124,207,125,193
327,C5_02900W,SPT8,330,TCAACAATTCTCTGGCTTGC,TGG,0,-,140,no,-115,115,45,1,0,1,1,1,1,604,524,548,419,397,509,356,474,409,331,401,358,394,779,773,875,1017,622,741
328,C5_02900W,SPT8,331,TTTGGGTGTCGCAGAATCAA,CGG,0,+,101,no,-76,76,45,0,0,0,0,0,0,894,786,819,782,629,913,518,756,698,572,678,553,695,1478,1361,1451,1593,1102,1420
329,C5_02900W,SPT8,332,TTAATCCAACTACAAAATGT,TGG,0,+,202,no,-177,177,25,0,0,0,0,0,0,632,709,677,558,530,682,399,537,500,403,518,446,496,837,871,946,1318,731,954
330,C5_05190W,PCL5,333,TTAGGAGCGGGAGTGGGAGC,AGG,0,-,31,no,132,132,65,0,0,0,0,0,0,2618,2448,2584,2023,1995,2561,1670,2273,2014,1717,1865,1560,1955,3708,3774,3932,5187,3309,4255
331,C5_05190W,PCL5,334,AAACAGTTAGGAGCGGGAGT,GGG,0,-,25,no,138,138,50,0,0,0,0,0,0,339,339,407,288,269,379,241,315,290,231,267,200,288,413,546,504,686,377,563
332,C5_05190W,PCL5,335,AAAACAGTTAGGAGCGGGAG,TGG,0,-,24,no,139,139,50,0,0,0,0,0,0,163,135,177,152,139,148,122,134,141,108,122,129,137,330,286,302,343,188,270
333,C5_05190W,PCL5,336,AGAAGGAAAACAGTTAGGAG,CGG,0,-,18,no,145,145,40,0,0,0,0,0,0,3652,3441,3683,3085,2847,3938,2412,3269,2876,2325,2918,2506,2780,5034,5575,5396,7517,4512,5669
334,C5_05410C,ILV3,337,TGTGGATGGGTACATGATCT,GGG,0,-,208,no,-205,205,45,0,0,0,0,0,0,2481,2377,2339,2020,1889,2450,1569,2203,1827,1609,1741,1650,1848,3269,3422,3787,4966,2930,3934
335,C5_05410C,ILV3,338,TGGCTGGATCCAGTCAATCC,AGG,0,-,259,no,-256,256,55,0,0,0,0,0,0,86,64,78,56,56,67,55,45,62,55,46,46,50,90,134,129,177,79,128
336,C5_05410C,ILV3,339,ACAAGGAACCGGATTTCCCT,TGG,0,-,239,no,-236,236,50,0,0,0,0,0,0,102,130,94,83,70,112,67,101,87,62,84,76,71,127,176,147,195,157,173
337,C5_05410C,ILV3,340,GGATGGGTACATGATCTGGG,TGG,0,-,211,no,-208,208,55,0,0,0,0,0,0,1061,784,860,740,735,871,621,372,355,326,656,577,663,216,214,272,1788,1072,1405
338,C6_00870C,ILV5,341,GCTGTCCCACTCAACTGAGG,TGG,0,-,166,no,-114,114,60,0,0,0,0,0,0,636,560,573,538,509,665,451,376,335,309,475,417,483,265,240,322,1452,754,1053
339,C6_00870C,ILV5,342,TTTGCTGTCCCACTCAACTG,AGG,0,-,163,no,-111,111,50,1,0,0,0,1,0,254,224,219,223,162,269,150,183,201,146,195,144,192,324,352,377,426,269,417
340,C6_00870C,ILV5,343,AATCTGCGCTATTCCGCTAC,AGG,0,+,260,no,-208,208,50,0,0,0,0,0,0,,,,,,,,,,,,,,,,,,,
341,C6_00870C,ILV5,344,GCGCGATGCAGGCCCTGTAG,CGG,0,-,244,no,-192,192,70,0,0,0,0,0,0,173,172,165,126,133,171,117,161,156,108,145,125,135,239,271,293,395,247,180
342,C6_01280W,EXO84,345,AATTTAGTGTTGTTACCGTT,CGG,0,-,197,no,-138,138,30,0,0,0,0,0,0,118,103,109,81,71,105,72,86,53,65,69,79,88,132,164,140,230,150,167
343,C6_01280W,EXO84,346,TTGATAACTCGTGCACGACA,TGG,0,-,127,no,-68,68,45,0,0,0,0,0,0,64,54,47,26,42,46,29,46,42,36,45,26,39,67,72,78,95,62,98
344,C6_01280W,EXO84,347,ATAGTGTAAAGCGTTCTCAT,TGG,0,+,245,no,-186,186,35,0,0,0,0,0,0,110,98,97,63,86,97,61,65,65,53,56,69,72,118,136,119,190,109,155
345,C6_01280W,EXO84,348,ATGAGAACGCTTTACACTAT,TGG,0,-,245,no,-186,186,35,0,0,0,0,0,0,49,46,43,25,50,61,35,64,33,33,33,38,44,62,59,88,103,72,72
346,C6_01980C,C6_01980C,349,TGTTTGATATTCTTGATTCC,TGG,0,-,84,no,-14,14,30,1,0,1,0,1,0,458,462,446,372,372,447,305,340,327,281,357,271,355,489,497,554,946,547,639
347,C6_01980C,C6_01980C,350,ATCACGGCCAAGACAAGCCA,CGG,0,+,242,yes,-172,172,55,0,0,0,0,0,0,2677,2431,2378,2109,2008,2710,1716,2603,2232,1825,1971,1815,1992,4617,4679,4673,5385,3062,4229
348,C6_01980C,C6_01980C,351,TGCCATACCGTGGCTTGTCT,TGG,0,-,232,no,-162,162,55,1,0,1,0,1,0,2452,2397,2407,2024,1979,2550,1733,2034,1926,1577,1832,1598,1803,3392,3640,3686,4690,2876,3718
349,C6_01980C,C6_01980C,352,CTAAAAGCGTTGCCATACCG,TGG,0,-,222,no,-152,152,50,0,0,0,0,0,0,91,87,80,85,56,83,63,68,72,69,57,66,59,114,82,114,184,115,101
350,C6_02370C,C6_02370C,353,AAAAAATTTTTTTTCATATT,GGG,0,+,150,no,-120,120,5,1,0,0,0,0,0,1243,1262,1247,991,931,1351,783,1149,914,691,1049,822,1031,1560,1676,1609,2259,1440,1836
351,C6_02370C,C6_02370C,354,CATATTGGGTCGTGCATTAT,TGG,0,+,136,no,-106,106,40,0,0,0,0,0,0,61,64,73,71,54,68,52,91,72,66,63,52,67,92,135,133,157,85,108
352,C6_02370C,C6_02370C,355,ATATTTATTCGTGAAGGTTG,CGG,0,-,18,no,12,12,30,0,0,0,0,0,0,346,332,298,225,255,361,197,311,247,203,257,237,262,466,563,480,604,401,513
353,C6_02370C,C6_02370C,356,GGATGAATATTTATTCGTGA,AGG,0,-,12,no,18,18,30,1,0,0,0,0,0,57,31,41,39,38,46,32,36,31,36,40,32,39,53,62,63,104,41,79
354,C6_02570C,SEC20,357,TGTCTCTAGTCAGGATCAAC,TGG,0,-,94,no,-78,78,45,1,0,0,0,0,0,43,40,26,43,10,35,36,16,13,9,22,18,39,13,13,19,71,27,43
355,C6_02570C,SEC20,358,TTTGTTCGGTGTCTCTAGTC,AGG,0,-,85,no,-69,69,45,2,0,0,0,0,0,107,61,85,69,40,67,54,83,69,61,61,45,51,137,104,147,126,86,128
356,C6_02570C,SEC20,359,TATAGCTAATACTTCGAAAC,CGG,0,-,272,no,-256,256,30,0,0,0,0,0,0,323,300,273,244,219,301,185,258,220,185,195,191,233,416,356,470,608,354,339
357,C6_02570C,SEC20,360,AGTAATTTGTCTAATGGGGC,TGG,0,-,246,no,-230,230,40,0,0,0,0,0,0,833,838,883,740,679,874,558,823,695,550,669,590,708,1295,1159,1423,1804,1095,1457
358,C6_03110C,C6_03110C,361,GGCTGCATTCAAACGTTCTT,TGG,0,+,279,no,,,45,0,0,0,0,0,0,481,441,450,355,341,463,268,372,387,296,340,313,283,625,681,568,836,471,626
359,C6_03110C,C6_03110C,362,GATCTCTCAGGACTGCCATA,TGG,0,+,229,no,,,50,0,0,0,0,0,0,266,341,275,291,210,350,235,308,239,193,283,207,249,489,431,499,587,432,520
360,C6_03110C,C6_03110C,363,GGACTGCCATATGGTCTATA,AGG,0,+,220,no,,,45,0,0,0,0,0,0,133,137,159,90,123,163,95,141,118,105,114,89,115,222,216,251,246,164,263
361,C6_03110C,C6_03110C,364,GACTGCCATATGGTCTATAA,GGG,0,+,219,no,,,40,0,0,0,0,0,0,53,53,59,63,35,78,34,42,40,40,42,23,26,78,86,71,152,72,91
362,C6_04120C,C6_04120C,365,GAATTGATACATTATACTAT,CGG,0,+,163,no,47,47,20,0,0,0,0,0,0,23,25,19,20,12,22,24,12,12,7,14,12,14,38,16,35,33,21,32
363,C6_04120C,C6_04120C,366,TAGCATTACATCACACTAAA,AGG,0,+,285,no,-75,75,30,0,0,0,0,0,0,1048,968,1047,855,793,1143,700,949,764,649,795,733,822,1401,1463,1454,1991,1177,1392
364,C6_04120C,C6_04120C,367,TTGTTGTTTGTGGTTGTCTG,TGG,0,-,224,yes,-14,14,40,0,0,0,0,0,0,138,101,112,102,88,109,83,101,72,62,90,87,89,124,134,182,181,109,129
365,C6_04120C,C6_04120C,368,GTTGTTGTTGTTGTTGTTTG,TGG,0,-,214,no,-4,4,35,0,0,0,0,0,0,716,645,615,600,490,636,437,596,492,455,506,481,472,947,893,809,1291,879,1033
366,C7_00210C,C7_00210C,369,GGACTGGATTTAAACATGGT,TGG,0,+,92,no,-85,85,40,0,0,0,0,0,0,214,160,170,163,182,195,120,114,83,82,130,132,163,23,33,46,344,204,241
367,C7_00210C,C7_00210C,370,TCTCATCCCCGGACTTAACT,TGG,0,+,271,no,-264,264,50,1,0,1,0,1,0,704,739,675,634,548,731,513,676,585,491,535,489,595,995,1056,1204,1482,931,1221
368,C7_00210C,C7_00210C,371,CTTTCTTGGCAGGCTCGTAG,GGG,0,+,214,no,-207,207,55,0,0,0,0,0,0,185,191,175,152,155,181,93,188,129,122,135,131,133,266,274,326,320,226,290
369,C7_00210C,C7_00210C,372,CTACGAGCCTGCCAAGAAAG,TGG,0,-,214,no,-207,207,55,0,0,0,0,0,0,15,16,15,7,17,5,9,13,15,8,11,8,8,24,21,17,11,15,18
370,C7_00730W,MET28,373,CTCTCTCTCTCTTCTTATTT,CGG,0,+,169,no,-97,97,35,0,0,2,0,2,0,190,162,143,91,113,162,88,113,117,104,102,103,95,193,236,237,321,181,238
371,C7_00730W,MET28,374,TCTCTCTCTCTTCTTATTTC,GGG,0,+,168,no,-96,96,35,0,0,1,0,1,0,1120,734,792,648,607,844,494,617,526,398,488,410,495,685,856,700,1081,625,790
372,C7_00730W,MET28,375,TAAGCGAATAAAGGGAAGAA,AGG,0,-,78,no,-6,6,35,0,0,1,0,1,0,4308,4089,4059,3319,3221,4265,2684,3387,2840,2435,3269,2792,3123,4510,4936,5149,8149,5127,6411
373,C7_00730W,MET28,376,GAATAAGAACTAATTGGTAA,AGG,0,-,34,no,38,38,25,0,0,0,0,0,0,2101,1922,1966,1628,1634,2180,1322,1424,1244,1053,1508,1308,1550,1918,1924,1977,3723,2411,3033
374,C7_01180W,MDM12,377,ACTCAGCTAGTTCTGCTTGT,TGG,0,+,179,no,-126,126,45,0,0,0,0,0,0,33,36,24,30,36,27,20,28,24,25,22,23,32,44,38,47,80,31,45
375,C7_01180W,MDM12,378,CTAGTTCTGCTTGTTGGTAC,TGG,0,+,173,no,-120,120,45,0,0,0,0,0,0,40,31,53,38,58,63,29,47,41,41,33,32,41,73,62,79,135,67,65
376,C7_01180W,MDM12,379,AACTGGGTGTTGTCATCGGT,TGG,0,-,29,no,24,24,50,0,0,0,0,0,0,,,,,,,,,,,,,,,,,,,
377,C7_01180W,MDM12,380,CGTTAACTGGGTGTTGTCAT,CGG,0,-,25,no,28,28,45,0,0,0,0,0,0,157,174,177,139,135,177,108,139,121,143,130,131,129,247,242,298,336,195,295
378,C7_01650W,C7_01650W,381,TTGATGTTTGAGTGAGGAAT,TGG,0,-,127,no,-52,52,35,0,0,0,0,0,0,217,184,172,153,128,168,104,129,106,85,108,111,125,129,150,124,311,208,241
379,C7_01650W,C7_01650W,382,GTTTGATTGATGTTTGAGTG,AGG,0,-,121,no,-46,46,35,0,0,0,0,0,0,80,71,84,62,51,73,55,48,72,57,51,50,69,94,97,142,179,63,118
380,C7_01650W,C7_01650W,383,TGAATCACACATTGCGTAAC,TGG,0,+,225,no,-150,150,40,0,0,0,0,0,0,567,517,541,454,465,599,342,445,446,324,397,363,402,711,747,741,1075,682,853
381,C7_01650W,C7_01650W,384,GCTAGTTAGGAGAACAAAAG,TGG,0,+,405,no,-330,330,40,0,0,0,0,0,0,6222,6203,6257,5213,4859,6485,4161,5741,5000,4213,4921,4246,5012,8755,8910,9517,12422,7595,9840
382,C7_02060W,LIG1,385,CGAAGCACACGACCGTCTTG,TGG,0,+,131,no,-78,78,60,0,0,0,0,0,0,271,222,194,152,163,239,139,171,186,150,139,132,174,327,310,306,427,274,331
383,C7_02060W,LIG1,386,AAAGTTTGACTCATCGATTT,CGG,0,+,91,no,-38,38,30,0,0,0,0,0,0,931,880,776,668,668,880,564,763,684,518,632,578,679,1039,1279,1235,1665,1016,1320
384,C7_02060W,LIG1,387,AAACTAGACGTGTAGAAGAA,GGG,0,-,24,no,29,29,35,0,0,0,0,0,0,500,474,436,381,384,512,283,333,266,261,378,375,377,373,411,388,916,586,749
385,C7_02060W,LIG1,388,GGATTAAATTCCCACAATTG,TGG,0,-,253,no,-200,200,35,0,0,0,0,0,0,2572,2710,2616,2165,2021,2822,1680,2363,1987,1696,2001,1833,2049,3810,3877,4085,5483,3397,4202
386,C7_02680W,TOM22,389,TTTCTTCTTTCTACAATTTG,TGG,0,+,119,no,-64,64,25,0,0,0,0,0,0,31,28,39,37,27,42,27,36,25,16,42,27,29,42,47,62,86,38,48
387,C7_02680W,TOM22,390,TTCTTCTTTCTACAATTTGT,GGG,0,+,118,no,-63,63,25,0,0,0,0,0,0,300,303,326,239,277,355,206,293,233,206,239,210,257,339,406,391,599,388,467
388,C7_02680W,TOM22,391,CAAATCAAAAAATTTGTAGT,TGG,0,-,78,no,-23,23,20,0,0,0,0,0,0,8,5,4,4,5,1,1,,2,1,4,,1,6,3,,7,2,10
389,C7_02680W,TOM22,392,AACGATAATAGTATTCAAGA,TGG,0,+,211,no,-156,156,25,0,0,0,0,0,0,490,477,432,356,364,500,295,447,349,283,337,330,373,584,528,695,904,603,717
390,C7_02770W,CHS1,393,TAATTATATCAAAATTGGAA,TGG,0,+,168,no,-113,113,15,0,0,0,0,0,0,32,48,47,20,47,35,22,41,17,37,18,20,28,51,39,51,57,45,35
391,C7_02770W,CHS1,394,GTATTCTGGAAATTTAAATA,AGG,0,-,30,no,25,25,20,0,0,0,0,0,0,16,29,18,23,25,24,21,23,13,16,18,13,17,22,29,44,43,16,28
392,C7_02770W,CHS1,395,ATGTAGTTTAAAGGGTATTC,TGG,0,-,16,no,39,39,30,0,0,0,0,0,0,,,,,,,,,,,,,,,,,,,
393,C7_02770W,CHS1,396,CTTAGATTGTAAGAGAGCAT,TGG,0,+,285,no,-230,230,35,0,0,0,0,0,0,1214,1228,1215,967,986,1241,815,1008,916,768,920,899,941,1558,1689,1789,2327,1572,1856
394,C7_02950C,DBF4,397,TCCATCTAACTTCTTGAAAC,AGG,0,+,58,no,-8,8,35,0,0,0,0,0,0,585,437,486,394,454,519,339,355,361,259,354,320,355,602,623,625,803,529,630
395,C7_02950C,DBF4,398,TCCTGTTTCAAGAAGTTAGA,TGG,0,-,54,no,-4,4,35,0,0,0,0,0,0,662,578,594,473,471,652,359,507,428,369,462,414,488,770,814,766,1267,753,970
396,C7_02950C,DBF4,399,TTAACTAATCACCATCAAAC,AGG,0,+,14,no,36,36,30,0,0,0,0,0,0,409,349,334,315,325,430,264,329,301,235,245,268,273,553,576,526,758,421,552
397,C7_02950C,DBF4,400,AACTGACTTTCTTCCGTATT,TGG,0,-,235,no,-185,185,35,0,0,0,0,0,0,384,289,310,215,239,364,217,271,255,187,267,202,261,415,487,411,621,385,466
398,C7_03000C,C7_03000C,401,TGTTGTGTGTGTGTGTCAAA,AGG,0,-,98,no,-69,69,40,0,0,0,0,0,0,1306,1235,1223,1044,1018,1245,824,1001,875,693,878,826,935,1427,1397,1534,2428,1517,1863
399,C7_03000C,C7_03000C,402,TTTCTTTCTATTTGCTTTCT,CGG,0,-,252,no,-223,223,25,0,0,0,0,0,0,36,31,28,21,32,30,26,23,40,16,21,14,26,45,51,40,72,35,42
400,C7_03000C,C7_03000C,403,ATGTTGTTGAGATTTGGATT,TGG,0,+,216,no,-187,187,30,0,0,0,0,0,0,74,32,37,42,38,73,25,46,40,41,29,33,46,53,60,60,97,55,100
401,C7_03000C,C7_03000C,404,GTTGAGATTTGGATTTGGCG,TGG,0,+,211,no,-182,182,45,0,0,0,0,0,0,507,482,488,387,401,619,339,487,452,318,396,372,389,741,794,704,1132,708,793
402,C7_03120W,TIM54,405,TGATGAGTACAAAAGTAGTG,TGG,0,-,111,no,-80,80,35,0,0,0,0,0,0,1575,1073,1219,1020,902,1266,801,1018,898,732,813,700,841,1467,1395,1599,2136,1258,1687
403,C7_03120W,TIM54,406,CTTGTGTGTAGCTTATTCTG,GGG,0,-,23,no,8,8,40,0,0,0,0,0,0,65,50,53,50,49,65,32,47,39,38,39,23,36,74,76,73,94,71,95
404,C7_03120W,TIM54,407,GCTTGTGTGTAGCTTATTCT,GGG,0,-,22,no,9,9,40,0,0,0,0,0,0,790,831,919,768,709,881,587,621,610,537,679,584,710,960,1091,1076,1788,895,1321
405,C7_03120W,TIM54,408,TGCTTGTGTGTAGCTTATTC,TGG,0,-,21,no,10,10,40,0,0,0,0,0,0,114,101,118,97,90,118,58,70,81,61,75,93,61,144,189,123,216,161,185
406,C7_04270C,UFE1,409,GAAAGGAGTTTATTGGTAGG,TGG,0,+,161,no,-143,143,40,0,0,0,0,0,0,465,394,448,366,345,417,270,416,366,270,343,300,338,621,698,773,919,585,746
407,C7_04270C,UFE1,410,CTTTCCTTCGGGGTTCTTGG,TGG,0,-,176,no,-158,158,55,0,0,0,0,0,0,425,412,395,323,296,395,287,404,353,274,280,276,312,549,566,623,780,478,642
408,C7_04270C,UFE1,411,GTTGGCGGTTGCGACTTCAA,TGG,0,-,113,no,-95,95,55,0,0,0,0,0,0,47,31,41,24,20,41,24,23,16,23,23,16,32,44,53,60,47,25,70
409,C7_04270C,UFE1,412,GATTGCGTCTTTGTGGTTGG,CGG,0,-,98,no,-80,80,50,0,0,0,0,0,0,173,160,164,150,128,155,96,151,100,86,135,99,113,208,272,262,274,230,279
410,CR_00250W,ATP17,413,TGTCAAATGCTAATGTCTGT,AGG,0,+,179,no,-155,155,35,0,0,0,0,0,0,1574,1504,1526,1271,1268,1637,1041,1526,1273,1012,1170,1128,1203,2040,2243,2351,3068,1898,2452
411,CR_00250W,ATP17,414,TGTAGGAATTGAGCGCAGAT,TGG,0,+,162,no,-138,138,45,0,0,0,0,0,0,1262,1242,1192,963,920,1307,805,1014,994,774,1000,880,945,1533,1588,1651,2389,1469,1969
412,CR_00250W,ATP17,415,TTTCTGGTTGTTTGTTGTGT,GGG,0,-,85,no,-61,61,35,0,0,0,0,0,0,49,47,22,37,31,49,26,35,28,26,16,26,31,29,43,42,73,47,63
413,CR_00250W,ATP17,416,ATAGTTACTGTGTTGGTTGT,AGG,0,-,17,no,7,7,35,0,0,0,0,0,0,380,400,385,310,315,386,250,262,220,176,303,259,304,330,288,309,733,440,621
414,CR_00410W,RTT109,417,ATTAGCAAGTGTTGTTATTG,TGG,0,+,191,no,-169,169,30,0,0,0,0,0,0,1948,1758,1815,1542,1428,1885,1181,1599,1484,1186,1390,1274,1300,2574,2732,2928,3649,2415,2823
415,CR_00410W,RTT109,418,TTGTTGTTGGGAATCGATTG,AGG,0,+,114,no,-92,92,40,0,0,0,0,0,0,38,31,29,17,19,25,14,7,5,8,13,28,15,4,,2,31,34,19
416,CR_00410W,RTT109,419,AATCGGTCCAAGTGAATTAC,TGG,0,+,18,no,4,4,40,0,0,0,0,0,0,1694,1514,1595,1388,1294,1730,1067,1425,1287,1077,1319,1108,1225,2366,2454,2431,3308,2216,2718
417,CR_00410W,RTT109,420,GACCGATTGGAAAGTATGAA,AGG,0,-,30,no,-8,8,40,0,0,0,0,0,0,429,266,263,207,206,310,213,115,101,85,218,137,183,75,90,92,458,249,329
418,CR_00480W,MRPL6,421,AGTGGCGAATGAAGTTTCGT,TGG,0,+,189,no,-162,162,45,0,0,0,0,0,0,3962,3636,3716,3103,2988,3858,2543,3218,2915,2372,2960,2452,2827,5305,5384,5669,7713,4764,5938
419,CR_00480W,MRPL6,422,AACATGTTCAAAACGAGTGG,TGG,0,-,136,no,-109,109,40,0,0,0,0,0,0,431,394,425,378,320,437,250,329,310,269,304,231,311,483,531,551,796,529,667
420,CR_00480W,MRPL6,423,TGTCTGTCCCCACGTTCAAG,TGG,0,-,281,no,-254,254,55,0,0,0,0,0,0,2795,2704,2791,2179,2231,2942,1764,2427,2297,1871,2111,1956,2194,4232,4445,4350,5721,3496,4652
421,CR_00480W,MRPL6,424,GAAGGTCTCTAAGATTAAAG,GGG,0,-,244,no,-217,217,35,0,0,0,0,0,0,1818,1650,1726,1530,1350,1884,1172,1606,1396,1142,1308,1174,1385,2537,2552,2678,3343,2197,2823
422,CR_00510C,ADE1,425,CTGTACAAAATGAGATAGCT,TGG,0,-,99,no,-47,47,35,0,0,0,0,2,2,41,30,53,40,34,42,26,37,40,36,29,30,49,51,68,58,105,47,46
423,CR_00510C,ADE1,426,GGATTAGTATTATTTTTTTC,TGG,0,-,51,no,1,1,20,0,0,0,0,0,0,168,122,137,103,107,149,84,134,113,94,117,92,95,161,162,191,256,170,188
424,CR_00510C,ADE1,427,AGCAAAAAGAATAGTTGACT,CGG,0,-,30,no,22,22,30,0,0,0,0,0,0,698,590,613,558,488,666,410,585,541,389,543,442,497,843,778,828,1412,737,976
425,CR_00510C,ADE1,428,TGTAGGATTATGTGAGTATG,AGG,0,+,195,no,-143,143,35,0,0,0,0,1,1,807,780,681,593,605,864,514,653,604,526,534,491,532,1194,1089,1189,1513,870,1149
426,CR_00680W,BUD22,429,TAGGAAAACCGCGAAAGCAT,TGG,0,+,85,no,-66,66,45,0,0,0,0,0,0,1068,906,943,820,728,983,665,315,247,240,797,640,785,180,123,112,1869,1190,1512
427,CR_00680W,BUD22,430,AAATAGATGGAATCAAAAAG,TGG,0,-,47,no,-28,28,25,0,0,0,0,0,0,132,143,147,95,91,150,65,123,104,82,112,96,88,126,181,215,280,158,176
428,CR_00680W,BUD22,431,TTGCACCTTCTATTCTTTCT,AGG,0,+,259,no,-240,240,35,0,0,0,0,1,1,149,179,150,97,146,197,94,154,136,125,117,123,138,222,274,242,349,250,225
429,CR_00680W,BUD22,432,TCTAGGTAGAATATATTCAC,AGG,0,+,242,no,-223,223,30,0,0,0,0,0,0,99,86,97,77,75,93,61,112,77,69,61,78,94,143,131,134,204,82,190
430,CR_00890C,CR_00890C,433,GGAGAGGAAACAAACCAACC,AGG,0,+,112,no,-85,85,50,0,0,0,0,0,0,1260,1124,1117,957,995,1232,760,851,768,636,896,745,885,787,885,876,2249,1362,1847
431,CR_00890C,CR_00890C,434,AAATGAATTGTTCAGTTTCG,AGG,0,-,286,no,-259,259,30,0,0,0,0,0,0,,,,,,,,,,,,,,,,,,,
432,CR_00890C,CR_00890C,435,CTATAGCCACTACTTACTAG,TGG,0,+,235,no,-208,208,40,0,0,0,0,0,0,40,18,21,36,19,21,11,23,17,18,35,13,19,39,34,38,65,27,41
433,CR_00890C,CR_00890C,436,CCTTTCCCACTAGTAAGTAG,TGG,0,-,226,no,-199,199,45,0,0,0,0,1,1,139,138,135,98,107,148,87,137,77,84,103,97,103,177,235,214,269,181,176
434,CR_01300W,CR_01300W,437,CCCATTGTGCACGACTAAAT,AGG,0,+,256,no,-207,207,45,0,0,0,0,0,0,182,155,141,133,131,196,118,146,118,99,114,123,140,216,194,246,318,240,274
435,CR_01300W,CR_01300W,438,GCACGACTAAATAGGTTACT,TGG,0,+,248,no,-199,199,40,0,0,0,0,2,2,583,536,582,478,462,614,428,538,441,382,460,408,471,802,892,866,1215,779,948
436,CR_01300W,CR_01300W,439,CTATTTAGTCGTGCACAATG,GGG,0,-,254,no,-205,205,40,0,0,0,0,3,3,35,33,46,22,29,32,24,37,37,27,42,32,27,49,96,65,85,43,67
437,CR_01300W,CR_01300W,440,CCTATTTAGTCGTGCACAAT,GGG,0,-,253,no,-204,204,40,0,0,0,0,0,0,1630,1535,1542,1293,1215,1679,1080,1387,1344,1077,1264,1081,1338,2464,2367,2484,3305,2003,2546
438,CR_01370C,CR_01370C,441,ACACTTGATGGAAATGAATG,TGG,0,+,159,no,-111,111,35,0,0,0,0,0,0,420,369,459,352,325,471,268,329,267,225,339,262,312,420,378,526,789,526,648
439,CR_01370C,CR_01370C,442,TGTGGTCGTGCAAAGCAACC,AGG,0,+,141,no,-93,93,55,0,0,0,0,0,0,851,879,797,726,705,859,568,692,658,562,718,638,660,1049,1027,1145,1770,1049,1284
440,CR_01370C,CR_01370C,443,GGTCTTGGATCGTAAGTTTG,AGG,0,+,120,no,-72,72,45,0,0,0,0,0,0,8179,7292,7399,6099,6092,7926,5143,5749,5186,4203,5714,5018,5710,7971,8357,8491,15215,9357,12000
441,CR_01370C,CR_01370C,444,TAAGTATCGATTACTCTCTT,GGG,0,-,49,no,-1,1,30,0,0,0,0,0,0,193,213,162,184,167,231,143,110,91,77,151,119,157,52,47,67,301,165,263
442,CR_01620C,MET6,445,AACTGTGTGTGTGTGCGTGT,GGG,0,-,251,no,-195,195,50,0,0,0,0,0,0,216,154,175,153,156,224,135,181,128,133,148,135,174,296,322,295,408,225,319
443,CR_01620C,MET6,446,AAACTGTGTGTGTGTGCGTG,TGG,0,-,250,no,-194,194,50,0,0,0,0,0,0,75,57,59,60,54,46,40,59,35,42,37,51,51,93,92,115,110,71,102
444,CR_01620C,MET6,447,TCGCCGCCCACTCCTCGTTT,AGG,0,+,220,no,-164,164,65,0,0,0,0,0,0,1480,1282,1338,1061,1068,1408,870,1006,962,834,1029,871,1020,1783,1816,1912,2701,1599,2209
445,CR_01620C,MET6,448,ATTCCTAAACGAGGAGTGGG,CGG,0,-,214,no,-158,158,50,0,0,0,0,0,0,703,513,562,464,488,650,431,116,128,132,462,425,431,58,44,61,1271,811,973
446,CR_02090C,CET1,449,TGTCAGAACTAGCTTGTTGA,TGG,0,+,45,no,-13,13,40,0,0,0,0,0,0,3016,2901,2848,2469,2172,3109,1872,2398,2144,1859,2192,1940,2340,3749,3815,4120,5790,3522,4475
447,CR_02090C,CET1,450,GTCAGAACTAGCTTGTTGAT,GGG,0,+,44,no,-12,12,40,0,0,0,0,0,0,1331,1290,1268,1022,1025,1380,887,1174,970,861,933,892,1009,1717,1685,1776,2430,1526,2144
448,CR_02090C,CET1,451,GGCAACCGTTGACTTGTTTA,TGG,0,+,23,no,9,9,45,0,0,0,0,0,0,3674,3240,3212,2607,2628,3601,2230,2937,2605,2219,2516,2223,2509,4074,4446,4384,6486,4023,5122
449,CR_02090C,CET1,452,TATGGCCATAAACAAGTCAA,CGG,0,-,15,no,17,17,35,0,0,0,0,0,0,2665,2401,2484,2023,2015,2778,1659,2085,1944,1504,1958,1761,1991,3355,3665,3854,4851,3176,4161
450,CR_02540W,CHO2,453,TGTTGTAAGAATATATAATT,AGG,0,-,135,no,422,422,15,0,0,0,0,0,0,2555,2488,2621,2243,2184,2815,1724,2477,1912,1653,2049,1870,2091,3375,3688,3898,5056,3144,4086
451,CR_02540W,CHO2,454,TAGATTAATATAATTTAGTT,TGG,0,+,107,no,450,450,10,0,0,0,0,0,0,267,297,340,277,263,349,198,297,255,205,238,234,231,440,428,420,583,357,516
452,CR_02540W,CHO2,455,TGCAATATGTAATATGATCT,GGG,0,-,255,no,302,302,25,0,0,0,0,0,0,111,122,100,98,93,141,67,94,94,75,71,77,85,118,164,191,214,161,182
453,CR_02540W,CHO2,456,ATGCAATATGTAATATGATC,TGG,0,-,254,no,303,303,25,0,0,0,0,0,0,,,,,,,,,,,,,,,,,,,
454,CR_02580W,PAN6,457,TCCGCGTAAGATTCTTCTAC,AGG,0,+,96,no,-65,65,45,0,0,0,0,0,0,236,206,238,188,187,287,164,229,184,144,203,168,170,310,331,342,413,308,329
455,CR_02580W,PAN6,458,CCGCGTAAGATTCTTCTACA,GGG,0,+,95,no,-64,64,45,0,0,0,0,0,0,64,37,46,40,42,50,35,23,22,17,54,36,64,24,54,27,87,34,58
456,CR_02580W,PAN6,459,CCCTGTAGAAGAATCTTACG,CGG,0,-,92,no,-61,61,45,0,0,0,0,0,0,139,147,143,124,127,173,104,109,91,91,103,91,89,177,234,243,382,163,184
457,CR_02580W,PAN6,460,GTGGTGGAGTGATTCCTTAC,AGG,0,-,41,no,-10,10,50,1,0,1,1,0,0,4,1,8,,5,4,3,,,1,3,,2,2,3,,6,3,6
458,CR_02990C,RIB1,461,AATTGTTGAATAATTTATAA,TGG,0,-,208,no,-27,27,10,1,0,1,1,0,0,111,111,106,94,74,123,71,114,91,79,87,79,69,158,170,169,210,142,172
459,CR_02990C,RIB1,462,CATTGATTTGTCCTTGTGTT,TGG,0,+,177,no,4,4,35,1,0,1,1,0,0,32,28,12,23,19,19,13,14,18,14,20,15,16,28,44,49,27,31,28
460,CR_02990C,RIB1,463,CAAACACAAGGACAAATCAA,TGG,0,-,175,no,6,6,35,0,0,0,0,0,0,200,153,146,122,134,162,129,102,120,108,128,104,129,174,208,188,323,206,259
461,CR_02990C,RIB1,464,TAAATTTATTAAATGGGTTG,TGG,0,-,25,no,156,156,20,0,0,0,0,0,0,437,361,352,281,270,354,203,373,296,218,255,251,295,447,485,498,663,464,573
462,CR_03430W,CR_03430W,465,TCTCAACATGTAGTCGTGTG,TGG,0,+,129,no,-87,87,45,0,0,0,0,0,0,699,570,629,532,496,694,405,545,464,380,508,431,521,751,685,795,1332,716,1035
463,CR_03430W,CR_03430W,466,GTCGTGTGTGGTTCAACATT,AGG,0,+,117,no,-75,75,45,0,0,0,0,0,0,506,451,478,435,362,505,297,440,374,297,360,329,383,613,618,660,954,570,732
464,CR_03430W,CR_03430W,467,AAACTTGACTTCTTACTTCT,AGG,0,+,16,no,26,26,30,1,0,1,1,1,0,126,149,162,112,101,160,102,137,119,95,100,98,103,171,174,194,270,154,206
465,CR_03430W,CR_03430W,468,GAAGTAAGAAGTCAAGTTTA,TGG,0,-,17,no,25,25,30,0,0,0,0,0,0,633,691,671,529,519,673,456,585,524,459,532,445,537,916,922,1012,1294,888,1093
466,CR_03530W,CR_03530W,469,TCAGTGAGTTGCTCACTGAT,TGG,0,-,175,no,-95,95,45,0,0,0,0,0,0,,2,,1,1,,,,3,,1,,,,,,,1,2
467,CR_03530W,CR_03530W,470,GAACTGTACCAAGTGAGAGG,GGG,0,+,155,no,-75,75,50,1,0,1,1,1,0,1647,1328,1435,1038,1181,1661,1058,992,991,748,1195,1059,1197,1326,993,1152,3128,2046,2408
468,CR_03530W,CR_03530W,471,TTCTTTGACCCCCTCTCACT,TGG,0,-,144,no,-64,64,50,0,0,0,0,0,0,1133,1157,1114,865,878,1215,740,949,886,691,883,720,795,1421,1604,1469,2141,1375,1716
469,CR_03530W,CR_03530W,472,ACACTACCCCAATATTTGAT,TGG,0,+,261,no,-181,181,35,0,0,0,0,0,0,276,232,273,207,181,230,185,213,168,165,183,166,191,393,385,387,525,335,348
470,CR_03930C,CR_03930C,473,AAAAAATGCGTTATTAAGAC,TGG,0,+,179,no,-139,139,25,0,0,0,0,0,0,67,70,91,63,71,70,59,91,72,41,54,55,70,83,118,85,133,100,134
471,CR_03930C,CR_03930C,474,TCTATTATATCTTTACGAGC,AGG,0,+,274,no,-234,234,30,0,0,0,0,0,0,137,130,151,112,104,162,87,135,122,98,109,116,88,210,195,223,286,180,230
472,CR_03930C,CR_03930C,475,TTTACGAGCAGGAAAAGACT,AGG,0,+,263,no,-223,223,40,0,0,0,0,0,0,411,427,403,335,346,439,298,365,317,310,340,293,291,561,569,563,817,494,647
473,CR_03930C,CR_03930C,476,ATAATTAATGTATACAATTA,AGG,0,+,239,no,-199,199,10,1,0,1,1,1,0,,,,,,,,,,,,,,,,,,,
474,CR_03950W,CR_03950W,477,CAACCACATACAATATATTG,GGG,0,+,152,no,-136,136,30,0,0,0,0,0,0,24,21,42,25,33,25,12,27,19,16,13,18,28,26,31,56,50,17,47
475,CR_03950W,CR_03950W,478,TTACCCCAATATATTGTATG,TGG,0,-,146,no,-130,130,30,0,0,0,0,0,0,582,526,585,429,464,573,330,474,395,293,421,386,457,748,883,752,1106,749,824
476,CR_03950W,CR_03950W,479,CTTATTGACCTTCTCTTATC,AGG,0,-,240,no,-224,224,35,0,0,0,0,0,0,128,99,97,79,97,110,69,90,79,53,71,72,73,209,132,144,176,99,141
477,CR_03950W,CR_03950W,480,GTAGTATGGTTCTTTCTGTT,AGG,0,+,197,yes,-181,181,35,0,0,0,0,0,0,137,135,151,103,117,172,83,112,133,87,142,78,105,233,221,214,254,170,238
478,CR_04140W,CR_04140W,481,CGGTATTACTTTCACTGGGG,AGG,0,-,206,no,-155,155,50,0,0,0,0,0,0,377,304,280,284,271,370,229,122,120,87,261,216,254,19,32,28,555,402,529
479,CR_04140W,CR_04140W,482,ATTCGGTATTACTTTCACTG,GGG,0,-,203,no,-152,152,35,0,0,0,0,0,0,62,61,63,56,34,55,46,37,34,30,50,29,36,42,60,64,83,67,111
480,CR_04140W,CR_04140W,483,ATACAATTTACAATTGATTG,AGG,0,+,118,no,-67,67,20,3,0,3,3,0,0,30,32,41,29,20,41,15,21,18,15,33,25,28,28,25,19,56,41,60
481,CR_04140W,CR_04140W,484,GTTGTGTTTGACCTATAGGT,TGG,0,-,38,yes,13,13,40,0,0,0,0,0,0,546,467,485,357,358,473,291,365,309,263,326,281,360,479,454,529,952,637,711
482,CR_04520W,MIM1,485,ATGTAGTTTTGAAGTGATAG,TGG,0,+,176,no,-135,135,30,0,0,0,0,0,0,77,63,84,72,43,53,57,47,75,55,43,46,72,103,80,146,194,88,116
483,CR_04520W,MIM1,486,ACTGTACACGACTTCTTTGA,TGG,0,-,136,no,-95,95,40,0,0,0,0,0,0,7903,7369,7472,6187,5856,8175,5189,7432,6650,5442,5856,5121,5865,12988,13961,14508,15256,9497,12091
484,CR_04520W,MIM1,487,TGTATAAGTAAATAAAAATC,AGG,0,-,65,no,-24,24,15,1,0,1,1,1,0,16,15,19,16,14,10,5,11,7,7,8,9,9,19,37,13,22,16,17
485,CR_04520W,MIM1,488,AGAATAAAGATCAAGAATTT,AGG,0,+,214,no,-173,173,20,3,0,3,3,3,0,1974,1957,1848,1597,1566,2001,1208,1655,1419,1238,1510,1334,1469,2555,2606,2833,3946,2243,2761
486,CR_05100W,BIR1,489,TTTCAGATGTTCCCTGTTAT,CGG,0,+,190,no,-135,135,35,0,0,0,0,0,0,78,108,105,73,86,116,74,93,95,62,91,68,84,143,140,196,246,144,193
487,CR_05100W,BIR1,490,CGTGCAACGCCAATACATTA,CGG,0,+,162,no,-107,107,45,0,0,0,0,0,0,560,618,483,451,444,544,429,489,395,345,457,366,482,732,657,764,930,713,910
488,CR_05100W,BIR1,491,GTGCAACGCCAATACATTAC,GGG,0,+,161,no,-106,106,45,0,0,0,0,0,0,122,131,111,113,127,132,74,108,81,98,109,86,95,99,129,114,237,152,184
489,CR_05100W,BIR1,492,TTGCACGAAGTACCGATAAC,AGG,0,-,175,no,-120,120,45,0,0,0,0,0,0,106,133,126,121,121,188,93,122,110,76,90,108,89,213,174,207,263,151,240
490,CR_06640C,CR_06640C,493,ACTAAAATATTGTTGTGGTG,TGG,0,-,193,no,30,30,30,0,0,0,0,0,0,253,274,216,206,215,279,150,202,163,164,182,176,187,296,327,329,525,337,411
491,CR_06640C,CR_06640C,494,AGAATACTAAAATATTGTTG,TGG,0,-,188,no,35,35,20,0,0,0,0,0,0,1564,1490,1497,1212,1190,1725,1057,1399,1117,982,1339,1022,1280,1976,2137,2236,2956,1805,2363
492,CR_06640C,CR_06640C,495,TACTTCAACAGTATATACAC,TGG,0,+,124,no,99,99,30,0,0,0,0,0,0,252,209,258,224,239,269,173,251,204,192,226,193,166,438,363,366,524,309,435
493,CR_06640C,CR_06640C,496,GTTCTTCTTCTTCTTCTTCT,TGG,0,-,254,yes,-31,31,35,0,0,0,0,0,0,626,655,646,545,564,722,513,623,528,387,538,421,487,835,869,950,1297,731,959
494,CR_07390C,MRPL8,497,GCTATAACGTTACTAGTAGT,AGG,0,-,141,no,-114,114,35,0,0,0,0,0,0,1905,1740,1697,1469,1425,1876,1149,1293,1097,989,1380,1220,1414,1623,1699,2004,3570,2139,2752
495,CR_07390C,MRPL8,498,TGCGCACAATTTCCTGCACA,TGG,0,+,119,no,-92,92,50,0,0,0,0,0,0,276,258,227,244,192,309,186,238,220,201,229,185,164,398,399,445,571,342,460
496,CR_07390C,MRPL8,499,GAGTATAGTGATCCATGTGC,AGG,0,-,104,no,-77,77,45,1,0,1,0,1,0,9,7,8,9,8,2,7,8,3,2,9,9,12,6,8,20,22,15,7
497,CR_07390C,MRPL8,500,TAGGGTTGATTAAAAGAGAA,AGG,0,-,21,no,6,6,30,2,0,0,0,2,0,2240,2034,2148,1719,1749,2252,1441,1671,1318,1162,1638,1416,1760,2163,2286,2199,4059,2579,3334
498,CR_07710W,ARO2,501,GCCTCGAGTGCTAATGCCAA,AGG,0,+,273,no,,,55,0,0,0,0,0,0,2468,2304,2360,1999,1910,2518,1579,2112,1988,1529,1885,1613,1901,3469,3617,3943,4862,2954,4000
499,CR_07710W,ARO2,502,ACCTTTGGCATTAGCACTCG,AGG,0,-,269,no,,,50,0,0,0,0,0,0,286,242,302,230,207,319,176,222,215,191,202,183,208,406,416,391,605,303,423
500,CR_07710W,ARO2,503,ATATTTGAGTGAATTGGCTA,TGG,0,+,232,no,,,30,0,0,0,0,0,0,22,10,25,25,15,17,16,15,17,17,15,9,23,27,26,27,46,16,27
501,CR_07710W,ARO2,504,ATAGCCAATTCACTCAAATA,TGG,0,-,231,no,,,30,0,0,0,0,0,0,411,440,404,323,301,416,218,405,331,223,356,227,298,549,511,633,745,546,637
502,CR_09320C,PHO88,505,AGCGAGTAGTAGTAGTTTGT,TGG,0,+,257,no,-183,183,40,0,0,0,0,0,0,1092,1036,999,848,797,1026,719,976,847,703,775,700,795,1509,1544,1572,2262,1271,1649
503,CR_09320C,PHO88,506,GAGTAGTAGTAGTTTGTTGG,CGG,0,+,254,no,-180,180,40,1,0,0,0,1,0,147,125,127,144,113,158,97,120,118,93,115,95,126,216,216,210,296,152,214
504,CR_09320C,PHO88,507,GTAGTAGTAGTTTGTTGGCG,GGG,0,+,252,no,-178,178,45,1,0,0,0,1,0,142,133,122,117,107,132,75,100,90,84,95,79,84,207,189,182,254,138,213
505,CR_09320C,PHO88,508,TAGTAGTAGTTTGTTGGCGG,GGG,0,+,251,no,-177,177,45,0,0,0,0,0,0,144,141,131,126,135,140,105,120,120,89,112,99,120,204,195,204,326,150,255
506,CR_09760W,MED21,509,AATGTTGGGTTAGTTGGTCT,TGG,0,-,18,no,17,17,40,0,0,0,0,0,0,439,385,448,347,301,501,294,338,290,248,293,294,360,600,623,663,875,452,655
507,CR_09760W,MED21,510,CGAGGGCGCGGGGGGAGGGG,TGG,0,-,221,no,-186,186,90,0,0,0,0,0,0,363,279,287,224,223,330,185,272,246,178,213,203,252,464,507,493,772,397,592
508,CR_09760W,MED21,511,ATACGAGGGCGCGGGGGGAG,GGG,0,-,218,no,-183,183,75,0,0,0,0,0,0,991,925,999,757,797,981,674,802,825,743,714,620,717,1513,1682,1594,2016,1276,1622
509,CR_09760W,MED21,512,TATGTAATACGAGGGCGCGG,GGG,0,-,212,no,-177,177,55,0,0,0,0,0,0,1466,1321,1335,1062,1063,1408,869,1299,1160,966,973,901,1042,1915,2068,2241,2906,1789,2316
510,CR_10010C,MSS51,513,TATCTAATATCTAATAAACA,CGG,0,-,141,no,11,11,15,0,0,0,0,0,0,165,140,149,161,144,174,115,154,104,89,123,121,126,202,238,227,418,184,249
511,CR_10010C,MSS51,514,TAAAATTCAAATCCCATTGT,CGG,0,-,282,no,-130,130,25,0,0,0,0,0,0,527,492,521,440,376,560,332,466,376,329,361,316,403,702,713,779,1006,600,858
512,CR_10010C,MSS51,515,ATTAAAATAGGCTGATGAGT,AGG,0,-,24,no,128,128,30,0,0,0,0,0,0,959,882,935,807,702,1010,613,872,804,577,722,637,744,1253,1391,1304,1846,1219,1488
513,CR_10010C,MSS51,516,CCAAAAGGATAAATTAAAAT,AGG,0,-,12,no,140,140,20,0,0,0,0,0,0,928,957,929,726,770,934,577,852,706,629,750,640,671,1191,1312,1445,1799,1061,1351
514,CR_10650W,LTV1,517,AATGCAAGCACGTATCCTAA,AGG,0,-,241,no,-224,224,40,0,0,0,0,0,0,1434,1402,1361,1191,1084,1435,938,1269,1147,968,1088,942,1149,1968,2073,2172,2813,1736,2244
515,CR_10650W,LTV1,518,AAATTTGGTATGGAGATGAG,TGG,0,+,220,no,-203,203,35,0,0,0,0,0,0,14,26,21,12,12,22,15,18,9,1,16,17,8,11,8,10,63,25,62
516,CR_10650W,LTV1,519,GTATGGAGATGAGTGGGTTA,TGG,0,+,213,no,-196,196,45,0,0,0,0,0,0,412,375,399,337,293,397,216,315,316,279,308,288,279,487,569,654,805,539,679
517,CR_10650W,LTV1,520,TTATGGATTGGATTGACTAT,TGG,0,+,196,no,-179,179,30,0,0,0,0,0,0,121,133,155,108,86,161,92,118,103,72,106,94,98,201,194,206,285,209,247
518,C7_02030W,HSP90,521,ATTTTTCCAGTGGTCTCCGT,TGG,0,+,131,no,-99,99,45,0,0,0,0,0,0,32,24,23,12,20,31,14,27,30,8,21,20,18,36,34,34,68,49,34
519,C7_02030W,HSP90,522,TGGCAACCAACGGAGACCAC,TGG,0,-,122,no,-90,90,60,0,0,0,0,0,0,370,138,73,57,43,82,40,61,55,47,62,22,39,50,46,46,85,74,87
520,C7_02030W,HSP90,523,AGGTAGTAATATGGTGCTGC,TGG,0,-,267,no,-235,235,45,0,0,0,0,0,0,84,68,67,64,49,86,39,51,50,44,65,53,54,74,121,98,158,109,122
521,C7_02030W,HSP90,524,AACGGGAGGAGTTGATAAAC,TGG,0,-,70,no,-38,38,45,0,0,0,0,0,0,7236,6665,6634,5753,5371,7285,4639,5959,5563,4587,5200,4683,5424,9485,10003,10228,14109,8672,10951
522,R-_sgRNA 1,,525,CTGCAGAGAGATCATAACTT,,1,,,no,,,40,0,0,0,0,0,0,603,570,521,494,417,665,367,547,508,397,471,381,440,822,924,991,1150,705,952
523,R-_sgRNA 2,,526,CGGGGTACGGCTTTAATACT,,1,,,no,,,50,0,0,0,0,0,0,244,196,221,161,180,216,162,167,186,140,181,127,160,309,332,292,429,259,340
524,R-_sgRNA 3,,527,ATAGATTTTTTGCCGGTACA,,1,,,no,,,35,0,0,0,0,0,0,4140,4109,3917,3240,3175,4433,2487,3769,3178,2567,3192,2669,3153,5403,6080,6200,8190,4955,6433
525,R-_sgRNA 4,,528,TAACATTGGAGTCGCTACTC,,1,,,no,,,45,0,0,0,0,0,0,357,287,314,281,294,362,226,302,292,241,258,221,313,456,494,508,643,393,506
526,R-_sgRNA 5,,529,AGCAGAGTGCATAGCTACTC,,1,,,no,,,50,0,0,0,0,0,0,80,75,83,45,65,80,45,60,46,58,40,49,44,102,92,105,152,104,89
527,R-_sgRNA 6,,530,AAGGGAGTCGTAATAGGAAG,,1,,,no,,,45,0,0,0,0,0,0,4858,4079,4328,3601,3494,4644,2860,3338,2988,2484,3422,2958,3361,4872,5093,5331,9140,5455,6933
528,R-_sgRNA 7,,531,GCATGACTGTGGATAGAGGT,,1,,,no,,,50,0,0,0,0,0,0,594,597,483,458,467,572,360,479,476,357,453,388,436,760,760,772,1164,668,986
529,R-_sgRNA 8,,532,TCCACTGGACTCGCCCCCTC,,1,,,no,,,70,0,0,0,0,0,0,448,417,420,339,336,444,321,332,325,279,336,267,309,588,542,592,823,552,622
530,R-_sgRNA 9,,533,TACCACGTCTTCAGATCTCG,,1,,,no,,,50,0,0,0,0,0,0,265,231,332,228,222,294,165,201,191,173,215,174,211,364,347,369,513,330,515
531,R-sgRNA 10,,534,ATCAGTCCGAAGCCGTGCGG,,1,,,no,,,65,0,0,0,0,0,0,189,212,247,190,169,223,152,179,177,150,134,164,182,272,352,331,507,260,413
532,R-sgRNA 11,,535,GTCCAACTAAATGGTGCCAC,,1,,,no,,,50,0,0,0,0,0,0,130,201,188,130,136,137,106,147,136,104,133,148,136,255,219,257,385,179,296
533,R-sgRNA 12,,536,GTCACAGCTCTACTACAGCA,,1,,,no,,,50,0,0,0,0,0,0,811,776,695,644,597,893,514,735,579,523,617,520,597,1090,1129,1120,1460,969,1274
534,R-sgRNA 13,,537,TCTCGCGACTGCCACATAAC,,1,,,no,,,55,0,0,0,0,0,0,224,201,210,195,177,237,126,152,168,161,173,129,197,311,345,293,404,277,321
535,R-sgRNA 14,,538,GACGGTGAAGTCGGTTGGCA,,1,,,no,,,60,0,0,0,0,0,0,530,467,493,428,376,480,350,456,452,358,395,343,394,772,855,710,1000,591,816
536,R-sgRNA 15,,539,TAAAGCTTAGGGACCGGAGT,,1,,,no,,,50,0,0,0,0,0,0,334,270,298,234,266,292,203,259,235,175,246,180,226,386,461,466,560,354,402
537,R-sgRNA 16,,540,CCGTGTGCGATCCCTTCTTT,,1,,,no,,,55,0,0,0,0,0,0,2144,2231,2134,1882,1817,2352,1493,2168,2082,1662,1626,1452,1746,4080,4606,4602,4478,2872,3619
538,R-sgRNA 17,,541,AGACTCCAGCGTTGGCCAAA,,1,,,no,,,55,0,0,0,0,0,0,2064,1993,1926,1616,1537,2005,1392,1796,1744,1299,1573,1398,1633,2932,3196,3162,4152,2556,3126
539,R-sgRNA 18,,542,AGCTCTACTGTTACAAGGGG,,1,,,no,,,50,0,0,0,0,0,0,388,378,364,306,339,403,279,198,213,158,313,275,316,138,178,217,812,416,669
540,R-sgRNA 19,,543,GCTAGCTTCACTAGGGGTAA,,1,,,no,,,50,0,0,0,0,0,0,8436,8209,8645,7001,6769,8887,5516,7877,6729,5367,6654,5808,6626,11932,12236,12917,17397,10576,13460
541,R-sgRNA 20,,544,TCGGCCCTAGACTCAATATG,,1,,,no,,,50,0,0,0,0,0,0,836,743,747,644,603,740,515,685,571,499,627,535,541,1070,1166,1154,1618,1036,1204
542,R-sgRNA 21,,545,GATGGGGGCCAAGTTCGTGA,,1,,,no,,,60,0,0,0,0,0,0,439,375,390,285,306,400,245,316,327,279,272,217,292,577,516,694,707,468,676
543,R-sgRNA 22,,546,GATCTGGCTCGGGACTCGTT,,1,,,no,,,60,0,0,0,0,0,0,365,312,295,322,266,366,225,305,297,227,257,238,253,503,527,635,712,441,536
544,R-sgRNA 23,,547,TCCGCTGCGCAAACTTCACT,,1,,,no,,,55,0,0,0,0,0,0,739,610,626,521,456,673,401,554,486,390,428,363,471,740,876,925,1112,747,895
545,R-sgRNA 24,,548,TGGACCAGGTTCACCGAGTG,,1,,,no,,,60,0,0,0,0,0,0,7850,7598,7680,6452,6143,8145,5229,6913,6475,5358,6049,5476,6120,11882,12558,12729,16536,10230,12808
546,R-sgRNA 25,,549,TCTTCCCATTCGGACCCAAG,,1,,,no,,,55,0,0,0,0,0,0,566,523,514,420,435,572,361,446,385,326,413,337,327,732,790,839,1013,599,815
547,R-sgRNA 26,,550,TGTTTAGGCAGTGATCAGCC,,1,,,no,,,50,0,0,0,0,0,0,253,252,249,178,176,285,156,189,169,151,161,176,164,220,340,349,413,312,369
548,R-sgRNA 27,,551,GGTATCGTCGTGTCTCATTA,,1,,,no,,,45,0,0,0,0,0,0,1851,1641,1648,1402,1313,1683,1172,1499,1312,1096,1306,1121,1323,2477,2605,2602,3503,2042,2772
549,R-sgRNA 28,,552,CGCGTCCAGGTTCTTCTGGA,,1,,,no,,,60,0,0,0,0,0,0,707,632,664,537,500,717,440,595,501,453,494,422,561,994,1003,1159,1370,791,1089
550,R-sgRNA 29,,553,TGTTGGATCGTCCCTAGGAA,,1,,,no,,,50,0,0,0,0,0,0,2985,2820,2719,2355,2203,3133,2015,2519,2178,1879,2265,1891,2229,3908,4170,4003,5642,3523,4437
551,R-sgRNA 30,,554,TCTGACGATCTGTTGTGAGA,,1,,,no,,,45,0,0,0,0,0,0,129,155,152,134,115,164,122,157,135,103,129,101,118,202,168,235,310,199,287
552,Plasmid Backbone ,,555,TGAAGAGCCATTAATGCTCTTCC,,2,,,no,,,43.47826086956522,0,0,0,0,0,0,551,385,1186,409,268,408,215,354,342,171,273,174,343,614,243,231,436,251,415
